--
-- PostgreSQL database dump
--

\restrict z6RIbY5HBdd4mv0y4ZfUGldQuD16AFdXT1Cz6wLxZqMilDUjP1l2oV0X8jkVeSS

-- Dumped from database version 16.10
-- Dumped by pg_dump version 16.10

SET statement_timeout = 0;
SET lock_timeout = 0;
SET idle_in_transaction_session_timeout = 0;
SET client_encoding = 'UTF8';
SET standard_conforming_strings = on;
SELECT pg_catalog.set_config('search_path', '', false);
SET check_function_bodies = false;
SET xmloption = content;
SET client_min_messages = warning;
SET row_security = off;

--
-- Name: pgcrypto; Type: EXTENSION; Schema: -; Owner: -
--

CREATE EXTENSION IF NOT EXISTS pgcrypto WITH SCHEMA public;


--
-- Name: EXTENSION pgcrypto; Type: COMMENT; Schema: -; Owner: 
--

COMMENT ON EXTENSION pgcrypto IS 'cryptographic functions';


--
-- Name: uuid-ossp; Type: EXTENSION; Schema: -; Owner: -
--

CREATE EXTENSION IF NOT EXISTS "uuid-ossp" WITH SCHEMA public;


--
-- Name: EXTENSION "uuid-ossp"; Type: COMMENT; Schema: -; Owner: 
--

COMMENT ON EXTENSION "uuid-ossp" IS 'generate universally unique identifiers (UUIDs)';


SET default_tablespace = '';

SET default_table_access_method = heap;

--
-- Name: ad_accounts; Type: TABLE; Schema: public; Owner: metaiq_user
--

CREATE TABLE public.ad_accounts (
    id uuid DEFAULT gen_random_uuid() NOT NULL,
    "metaId" character varying NOT NULL,
    name character varying NOT NULL,
    currency character varying,
    "accessToken" character varying,
    "tokenExpiresAt" date,
    active boolean DEFAULT true NOT NULL,
    "userId" uuid NOT NULL,
    "createdAt" timestamp without time zone DEFAULT now() NOT NULL,
    "updatedAt" timestamp without time zone DEFAULT now() NOT NULL,
    "storeId" uuid,
    provider character varying(32) DEFAULT 'META'::character varying NOT NULL,
    "externalId" character varying,
    "syncStatus" character varying(32) DEFAULT 'NEVER_SYNCED'::character varying NOT NULL,
    "importedAt" timestamp without time zone,
    "lastSeenAt" timestamp without time zone
);


ALTER TABLE public.ad_accounts OWNER TO metaiq_user;

--
-- Name: campaigns; Type: TABLE; Schema: public; Owner: metaiq_user
--

CREATE TABLE public.campaigns (
    id uuid DEFAULT gen_random_uuid() NOT NULL,
    "metaId" character varying NOT NULL,
    name character varying NOT NULL,
    status character varying DEFAULT 'ACTIVE'::character varying NOT NULL,
    objective character varying DEFAULT 'CONVERSIONS'::character varying NOT NULL,
    "dailyBudget" numeric(10,2) NOT NULL,
    score numeric(6,2) DEFAULT 0 NOT NULL,
    "startTime" timestamp without time zone NOT NULL,
    "endTime" timestamp without time zone,
    "userId" uuid NOT NULL,
    "adAccountId" uuid NOT NULL,
    "createdAt" timestamp without time zone DEFAULT now() NOT NULL,
    "updatedAt" timestamp without time zone DEFAULT now() NOT NULL,
    "storeId" uuid,
    "createdByUserId" uuid,
    "externalId" character varying,
    "lastSeenAt" timestamp without time zone
);


ALTER TABLE public.campaigns OWNER TO metaiq_user;

--
-- Name: insights; Type: TABLE; Schema: public; Owner: metaiq_user
--

CREATE TABLE public.insights (
    id uuid DEFAULT gen_random_uuid() NOT NULL,
    "campaignId" uuid NOT NULL,
    type character varying NOT NULL,
    severity character varying NOT NULL,
    message text NOT NULL,
    recommendation text NOT NULL,
    resolved boolean DEFAULT false NOT NULL,
    priority character varying DEFAULT 'medium'::character varying NOT NULL,
    "lastTriggeredAt" timestamp without time zone,
    "cooldownInHours" integer DEFAULT 0 NOT NULL,
    "ruleVersion" integer DEFAULT 1 NOT NULL,
    "detectedAt" timestamp without time zone DEFAULT now() NOT NULL,
    "updatedAt" timestamp without time zone DEFAULT now() NOT NULL
);


ALTER TABLE public.insights OWNER TO metaiq_user;

--
-- Name: managers; Type: TABLE; Schema: public; Owner: metaiq_user
--

CREATE TABLE public.managers (
    id uuid DEFAULT gen_random_uuid() NOT NULL,
    name character varying NOT NULL,
    active boolean DEFAULT true NOT NULL,
    "createdAt" timestamp without time zone DEFAULT now() NOT NULL,
    "updatedAt" timestamp without time zone DEFAULT now() NOT NULL
);


ALTER TABLE public.managers OWNER TO metaiq_user;

--
-- Name: meta_campaign_creations; Type: TABLE; Schema: public; Owner: metaiq_user
--

CREATE TABLE public.meta_campaign_creations (
    id uuid DEFAULT gen_random_uuid() NOT NULL,
    "storeId" uuid NOT NULL,
    "requesterUserId" uuid NOT NULL,
    "adAccountId" uuid NOT NULL,
    "campaignId" uuid,
    "idempotencyKey" character varying NOT NULL,
    status character varying(32) DEFAULT 'CREATING'::character varying NOT NULL,
    "campaignCreated" boolean DEFAULT false NOT NULL,
    "adSetCreated" boolean DEFAULT false NOT NULL,
    "creativeCreated" boolean DEFAULT false NOT NULL,
    "adCreated" boolean DEFAULT false NOT NULL,
    "metaCampaignId" character varying,
    "metaAdSetId" character varying,
    "metaCreativeId" character varying,
    "metaAdId" character varying,
    "errorStep" character varying,
    "errorMessage" text,
    "requestPayload" text,
    "createdAt" timestamp without time zone DEFAULT now() NOT NULL,
    "updatedAt" timestamp without time zone DEFAULT now() NOT NULL
);


ALTER TABLE public.meta_campaign_creations OWNER TO metaiq_user;

--
-- Name: metrics_daily; Type: TABLE; Schema: public; Owner: metaiq_user
--

CREATE TABLE public.metrics_daily (
    id uuid DEFAULT gen_random_uuid() NOT NULL,
    "campaignId" uuid NOT NULL,
    date date NOT NULL,
    impressions integer NOT NULL,
    clicks integer NOT NULL,
    spend numeric(10,2) NOT NULL,
    conversions integer NOT NULL,
    revenue numeric(10,2) NOT NULL,
    ctr numeric(6,4) NOT NULL,
    cpa numeric(10,2) NOT NULL,
    roas numeric(6,2) NOT NULL,
    "createdAt" timestamp without time zone DEFAULT now() NOT NULL,
    "updatedAt" timestamp without time zone DEFAULT now() NOT NULL
);


ALTER TABLE public.metrics_daily OWNER TO metaiq_user;

--
-- Name: migrations; Type: TABLE; Schema: public; Owner: metaiq_user
--

CREATE TABLE public.migrations (
    id integer NOT NULL,
    "timestamp" bigint NOT NULL,
    name character varying NOT NULL
);


ALTER TABLE public.migrations OWNER TO metaiq_user;

--
-- Name: migrations_id_seq; Type: SEQUENCE; Schema: public; Owner: metaiq_user
--

CREATE SEQUENCE public.migrations_id_seq
    AS integer
    START WITH 1
    INCREMENT BY 1
    NO MINVALUE
    NO MAXVALUE
    CACHE 1;


ALTER SEQUENCE public.migrations_id_seq OWNER TO metaiq_user;

--
-- Name: migrations_id_seq; Type: SEQUENCE OWNED BY; Schema: public; Owner: metaiq_user
--

ALTER SEQUENCE public.migrations_id_seq OWNED BY public.migrations.id;


--
-- Name: oauth_states; Type: TABLE; Schema: public; Owner: metaiq_user
--

CREATE TABLE public.oauth_states (
    id uuid DEFAULT public.uuid_generate_v4() NOT NULL,
    provider character varying(32) NOT NULL,
    state character varying(128) NOT NULL,
    "storeId" uuid NOT NULL,
    "initiatedByUserId" uuid NOT NULL,
    "expiresAt" timestamp without time zone NOT NULL,
    "usedAt" timestamp without time zone,
    "createdAt" timestamp without time zone DEFAULT now() NOT NULL
);


ALTER TABLE public.oauth_states OWNER TO metaiq_user;

--
-- Name: store_integrations; Type: TABLE; Schema: public; Owner: metaiq_user
--

CREATE TABLE public.store_integrations (
    id uuid DEFAULT public.uuid_generate_v4() NOT NULL,
    "storeId" uuid NOT NULL,
    provider character varying(32) DEFAULT 'META'::character varying NOT NULL,
    status character varying(32) DEFAULT 'NOT_CONNECTED'::character varying NOT NULL,
    "externalBusinessId" character varying,
    "externalAdAccountId" character varying,
    "accessToken" character varying,
    "refreshToken" character varying,
    "tokenExpiresAt" timestamp without time zone,
    "lastSyncAt" timestamp without time zone,
    "lastSyncStatus" character varying(32) DEFAULT 'NEVER_SYNCED'::character varying NOT NULL,
    "lastSyncError" text,
    metadata text,
    "createdAt" timestamp without time zone DEFAULT now() NOT NULL,
    "updatedAt" timestamp without time zone DEFAULT now() NOT NULL,
    "tokenType" character varying,
    "grantedScopes" text,
    "providerUserId" character varying,
    "oauthConnectedAt" timestamp without time zone
);


ALTER TABLE public.store_integrations OWNER TO metaiq_user;

--
-- Name: stores; Type: TABLE; Schema: public; Owner: metaiq_user
--

CREATE TABLE public.stores (
    id uuid DEFAULT gen_random_uuid() NOT NULL,
    name character varying NOT NULL,
    "managerId" uuid NOT NULL,
    active boolean DEFAULT true NOT NULL,
    "createdAt" timestamp without time zone DEFAULT now() NOT NULL,
    "updatedAt" timestamp without time zone DEFAULT now() NOT NULL,
    "tenantId" uuid NOT NULL
);


ALTER TABLE public.stores OWNER TO metaiq_user;

--
-- Name: tenants; Type: TABLE; Schema: public; Owner: metaiq_user
--

CREATE TABLE public.tenants (
    id uuid DEFAULT public.uuid_generate_v4() NOT NULL,
    name character varying NOT NULL,
    "createdAt" timestamp without time zone DEFAULT now() NOT NULL,
    "updatedAt" timestamp without time zone DEFAULT now() NOT NULL,
    active boolean DEFAULT true NOT NULL
);


ALTER TABLE public.tenants OWNER TO metaiq_user;

--
-- Name: user_stores; Type: TABLE; Schema: public; Owner: metaiq_user
--

CREATE TABLE public.user_stores (
    id uuid DEFAULT gen_random_uuid() NOT NULL,
    "userId" uuid NOT NULL,
    "storeId" uuid NOT NULL,
    "createdAt" timestamp without time zone DEFAULT now() NOT NULL
);


ALTER TABLE public.user_stores OWNER TO metaiq_user;

--
-- Name: users; Type: TABLE; Schema: public; Owner: metaiq_user
--

CREATE TABLE public.users (
    id uuid DEFAULT gen_random_uuid() NOT NULL,
    email character varying NOT NULL,
    name character varying NOT NULL,
    password character varying NOT NULL,
    "refreshToken" character varying,
    active boolean DEFAULT true NOT NULL,
    "createdAt" timestamp without time zone DEFAULT now() NOT NULL,
    "updatedAt" timestamp without time zone DEFAULT now() NOT NULL,
    role character varying DEFAULT 'OPERATIONAL'::character varying NOT NULL,
    "managerId" uuid,
    "tenantId" uuid
);


ALTER TABLE public.users OWNER TO metaiq_user;

--
-- Name: migrations id; Type: DEFAULT; Schema: public; Owner: metaiq_user
--

ALTER TABLE ONLY public.migrations ALTER COLUMN id SET DEFAULT nextval('public.migrations_id_seq'::regclass);


--
-- Data for Name: ad_accounts; Type: TABLE DATA; Schema: public; Owner: metaiq_user
--

COPY public.ad_accounts (id, "metaId", name, currency, "accessToken", "tokenExpiresAt", active, "userId", "createdAt", "updatedAt", "storeId", provider, "externalId", "syncStatus", "importedAt", "lastSeenAt") FROM stdin;
3b3e3e10-e3c9-4a3f-becc-0e21903a657a	act_123456789	Conta Demo — E-commerce	\N	gcm:069297d908db4686375f2638:4b09bfc583135cfc29c65451f68de236:849661e9ec7db9f1b080ba9557d7ff25f7f7b48bbaa28c9c	2026-06-14	t	4da6ebab-584e-4f63-8470-28b4f930b1e2	2026-04-15 13:46:28.097862	2026-04-15 13:46:28.097862	5b4e4d30-dd38-45a0-9eb7-0e9767796e3a	META	act_123456789	NEVER_SYNCED	\N	\N
1679a6bf-e6be-4e70-88aa-7358b8bc8c00	qa_other_store_1776358236	QA Other Store Account 1776358236	BRL	\N	\N	f	1bb96263-23ad-4413-bded-b36a62587465	2026-04-16 13:50:36.760814	2026-04-16 13:51:42.176603	d6548f3a-ecef-4982-a31f-cc1374a9436f	META	\N	NEVER_SYNCED	\N	\N
afd8426e-42c3-4e04-b8ba-d1ae1c85d502	act_375503150479892	Gabriel Lauria	\N	\N	\N	t	4fb357e0-b74a-4ca6-acb5-80db6cc19bdb	2026-04-16 13:47:12.088431	2026-04-16 15:12:22.091539	97f0989f-7eca-42ee-b47e-78224a09901f	META	act_375503150479892	SUCCESS	2026-04-16 13:47:12.072	2026-04-16 15:12:22.076
\.


--
-- Data for Name: campaigns; Type: TABLE DATA; Schema: public; Owner: metaiq_user
--

COPY public.campaigns (id, "metaId", name, status, objective, "dailyBudget", score, "startTime", "endTime", "userId", "adAccountId", "createdAt", "updatedAt", "storeId", "createdByUserId", "externalId", "lastSeenAt") FROM stdin;
c7619aa1-762b-416f-9d06-f82fab3884d0	seed_camp_001	Conversão — Ecommerce Principal	ACTIVE	CONVERSIONS	150.00	100.00	2026-02-28 21:00:00	\N	4da6ebab-584e-4f63-8470-28b4f930b1e2	3b3e3e10-e3c9-4a3f-becc-0e21903a657a	2026-04-15 13:46:28.104818	2026-04-15 13:46:28.21135	5b4e4d30-dd38-45a0-9eb7-0e9767796e3a	4da6ebab-584e-4f63-8470-28b4f930b1e2	\N	\N
5d647532-c0f7-4d05-ab02-dc72145f2eab	seed_camp_002	Leads — Formulário B2B	ACTIVE	CONVERSIONS	80.00	66.23	2026-02-28 21:00:00	\N	4da6ebab-584e-4f63-8470-28b4f930b1e2	3b3e3e10-e3c9-4a3f-becc-0e21903a657a	2026-04-15 13:46:28.219901	2026-04-15 13:46:28.308208	5b4e4d30-dd38-45a0-9eb7-0e9767796e3a	4da6ebab-584e-4f63-8470-28b4f930b1e2	\N	\N
341c84f2-049a-4845-96b3-3584f5d22e20	seed_camp_003	Remarketing — Carrinho Abandonado	ACTIVE	CONVERSIONS	60.00	100.00	2026-02-28 21:00:00	\N	4da6ebab-584e-4f63-8470-28b4f930b1e2	3b3e3e10-e3c9-4a3f-becc-0e21903a657a	2026-04-15 13:46:28.309601	2026-04-15 13:46:28.403413	5b4e4d30-dd38-45a0-9eb7-0e9767796e3a	4da6ebab-584e-4f63-8470-28b4f930b1e2	\N	\N
a3479059-00a3-4dcc-8c02-69f0771ae325	seed_camp_004	Brand Awareness Q1	PAUSED	REACH	200.00	32.67	2026-02-28 21:00:00	\N	4da6ebab-584e-4f63-8470-28b4f930b1e2	3b3e3e10-e3c9-4a3f-becc-0e21903a657a	2026-04-15 13:46:28.40697	2026-04-15 13:46:28.500729	5b4e4d30-dd38-45a0-9eb7-0e9767796e3a	4da6ebab-584e-4f63-8470-28b4f930b1e2	\N	\N
ec5f082c-6412-4663-b0c7-5c3357ca3a02	seed_camp_005	Catálogo Dinâmico — Verão	ACTIVE	CONVERSIONS	120.00	98.07	2026-02-28 21:00:00	\N	4da6ebab-584e-4f63-8470-28b4f930b1e2	3b3e3e10-e3c9-4a3f-becc-0e21903a657a	2026-04-15 13:46:28.503684	2026-04-15 13:46:28.570333	5b4e4d30-dd38-45a0-9eb7-0e9767796e3a	4da6ebab-584e-4f63-8470-28b4f930b1e2	\N	\N
\.


--
-- Data for Name: insights; Type: TABLE DATA; Schema: public; Owner: metaiq_user
--

COPY public.insights (id, "campaignId", type, severity, message, recommendation, resolved, priority, "lastTriggeredAt", "cooldownInHours", "ruleVersion", "detectedAt", "updatedAt") FROM stdin;
6968b327-6691-43be-9173-51147f59171f	341c84f2-049a-4845-96b3-3584f5d22e20	opportunity	success	✨ ROAS de 7.53x: campanha com excelente retorno!	Considere aumentar o orçamento em 20-30% para escalar os resultados	f	low	2026-04-16 09:00:00.214	24	1	2026-04-16 09:00:00.221505	2026-04-16 09:00:00.221505
1bfd5fa7-fcad-400f-b64f-b4d4d4194f46	c7619aa1-762b-416f-9d06-f82fab3884d0	opportunity	success	✨ ROAS de 5.02x: campanha com excelente retorno!	Considere aumentar o orçamento em 20-30% para escalar os resultados	f	low	2026-04-16 09:00:00.28	24	1	2026-04-16 09:00:00.281878	2026-04-16 09:00:00.281878
d896b9e7-7851-414e-8107-5e75d20996c6	5d647532-c0f7-4d05-ab02-dc72145f2eab	alert	warning	⚠️ ROAS de 1.35x: campanha lucrativa mas com margem baixa	Otimize criativos e segmentação para melhorar o ROAS antes de escalar investimento	f	medium	2026-04-16 14:00:00.192	4	1	2026-04-16 09:00:00.262805	2026-04-16 14:00:00.198446
\.


--
-- Data for Name: managers; Type: TABLE DATA; Schema: public; Owner: metaiq_user
--

COPY public.managers (id, name, active, "createdAt", "updatedAt") FROM stdin;
07d88538-a6b4-4b6d-a1e4-bb66266e2061	Gestor Demo	t	2026-04-15 13:46:27.420977	2026-04-15 13:46:27.420977
28417b78-1823-494f-9639-fd6e5b061de6	Pratafina	f	2026-04-15 15:29:25.078321	2026-04-15 15:29:37.847639
94ef9341-0cb3-4dbd-ab60-2b94af071304	Intax	t	2026-04-15 15:29:44.791051	2026-04-15 15:29:44.791051
\.


--
-- Data for Name: meta_campaign_creations; Type: TABLE DATA; Schema: public; Owner: metaiq_user
--

COPY public.meta_campaign_creations (id, "storeId", "requesterUserId", "adAccountId", "campaignId", "idempotencyKey", status, "campaignCreated", "adSetCreated", "creativeCreated", "adCreated", "metaCampaignId", "metaAdSetId", "metaCreativeId", "metaAdId", "errorStep", "errorMessage", "requestPayload", "createdAt", "updatedAt") FROM stdin;
\.


--
-- Data for Name: metrics_daily; Type: TABLE DATA; Schema: public; Owner: metaiq_user
--

COPY public.metrics_daily (id, "campaignId", date, impressions, clicks, spend, conversions, revenue, ctr, cpa, roas, "createdAt", "updatedAt") FROM stdin;
a12aab0e-48cd-49b0-971c-20417a33e498	c7619aa1-762b-416f-9d06-f82fab3884d0	2026-03-17	7003	219	142.55	5	728.98	0.0313	28.51	5.11	2026-04-15 13:46:28.112513	2026-04-15 13:46:28.112513
67ba69d5-72da-4394-bf7b-3cdc97f0f298	c7619aa1-762b-416f-9d06-f82fab3884d0	2026-03-18	6710	206	138.15	5	699.47	0.0307	27.63	5.06	2026-04-15 13:46:28.118933	2026-04-15 13:46:28.118933
dca5f7d7-b436-41cf-9144-524c2d47ff2e	c7619aa1-762b-416f-9d06-f82fab3884d0	2026-03-19	6425	195	133.88	4	671.24	0.0304	33.47	5.01	2026-04-15 13:46:28.122163	2026-04-15 13:46:28.122163
3542db84-d273-4e16-b630-2fb456329d6b	c7619aa1-762b-416f-9d06-f82fab3884d0	2026-03-20	6151	184	129.77	4	644.46	0.0299	32.44	4.97	2026-04-15 13:46:28.126226	2026-04-15 13:46:28.126226
509afcc9-ef80-4468-bf3a-a13e557a1c89	c7619aa1-762b-416f-9d06-f82fab3884d0	2026-03-21	5890	173	125.85	4	619.31	0.0294	31.46	4.92	2026-04-15 13:46:28.129228	2026-04-15 13:46:28.129228
81cca4a7-7fb8-4046-856c-1fc2e187d6aa	c7619aa1-762b-416f-9d06-f82fab3884d0	2026-03-22	5646	164	122.18	4	596.06	0.0290	30.55	4.88	2026-04-15 13:46:28.132971	2026-04-15 13:46:28.132971
86695e88-69e4-4fa7-b436-185a72b49caf	c7619aa1-762b-416f-9d06-f82fab3884d0	2026-03-23	5419	155	118.79	4	574.87	0.0286	29.70	4.84	2026-04-15 13:46:28.1373	2026-04-15 13:46:28.1373
3664ee8d-ba88-4789-9e8f-e220bab1e7ac	c7619aa1-762b-416f-9d06-f82fab3884d0	2026-03-24	5214	148	115.71	4	555.84	0.0284	28.93	4.80	2026-04-15 13:46:28.14081	2026-04-15 13:46:28.14081
953d69ed-0087-4151-914a-8208a4bf6c39	c7619aa1-762b-416f-9d06-f82fab3884d0	2026-03-25	5032	141	112.97	3	539.11	0.0280	37.66	4.77	2026-04-15 13:46:28.143587	2026-04-15 13:46:28.143587
105397e5-aa36-45ce-b267-782f63e5b275	c7619aa1-762b-416f-9d06-f82fab3884d0	2026-03-26	4874	135	110.60	3	524.77	0.0277	36.87	4.74	2026-04-15 13:46:28.146121	2026-04-15 13:46:28.146121
9bfb62f2-1004-44f2-b1ef-9178770094fa	c7619aa1-762b-416f-9d06-f82fab3884d0	2026-03-27	4742	131	108.63	3	512.95	0.0276	36.21	4.72	2026-04-15 13:46:28.150498	2026-04-15 13:46:28.150498
952a255a-eb2c-4adc-8b09-d15789f7962f	c7619aa1-762b-416f-9d06-f82fab3884d0	2026-03-28	4638	127	107.07	3	503.65	0.0274	35.69	4.70	2026-04-15 13:46:28.153846	2026-04-15 13:46:28.153846
41a8ad40-4189-4408-80ba-5a75d0afb2bd	c7619aa1-762b-416f-9d06-f82fab3884d0	2026-03-29	4562	125	105.94	3	496.95	0.0274	35.31	4.69	2026-04-15 13:46:28.156713	2026-04-15 13:46:28.156713
c74247f5-386e-483a-9897-b8a72c7b9126	c7619aa1-762b-416f-9d06-f82fab3884d0	2026-03-30	4516	123	105.25	3	492.87	0.0272	35.08	4.68	2026-04-15 13:46:28.15943	2026-04-15 13:46:28.15943
4dc355b8-81b6-4973-a2e6-66f49f215425	c7619aa1-762b-416f-9d06-f82fab3884d0	2026-03-31	4500	122	105.00	3	491.40	0.0271	35.00	4.68	2026-04-15 13:46:28.162044	2026-04-15 13:46:28.162044
2540661e-75f0-4d95-94dd-21b8b9d0be6b	c7619aa1-762b-416f-9d06-f82fab3884d0	2026-04-01	4514	123	105.21	3	492.63	0.0272	35.07	4.68	2026-04-15 13:46:28.165406	2026-04-15 13:46:28.165406
d6842466-b915-4cc5-a9e9-55c4e75ff6c3	c7619aa1-762b-416f-9d06-f82fab3884d0	2026-04-02	4557	124	105.86	3	496.47	0.0272	35.29	4.69	2026-04-15 13:46:28.168895	2026-04-15 13:46:28.168895
568350bc-5381-4581-a262-08f7dd22df0d	c7619aa1-762b-416f-9d06-f82fab3884d0	2026-04-03	4630	127	106.95	3	502.94	0.0274	35.65	4.70	2026-04-15 13:46:28.17202	2026-04-15 13:46:28.17202
acf8aec4-1782-4a59-a87a-bac1997af526	c7619aa1-762b-416f-9d06-f82fab3884d0	2026-04-04	4732	130	108.48	3	512.04	0.0275	36.16	4.72	2026-04-15 13:46:28.174221	2026-04-15 13:46:28.174221
6675782f-95ee-4596-ab71-eba108fd68fc	c7619aa1-762b-416f-9d06-f82fab3884d0	2026-04-05	4861	135	110.41	3	523.63	0.0278	36.80	4.74	2026-04-15 13:46:28.176035	2026-04-15 13:46:28.176035
8357520b-dc7c-463a-bcb9-7b7ed21a3df4	c7619aa1-762b-416f-9d06-f82fab3884d0	2026-04-06	5017	141	112.75	3	537.76	0.0281	37.58	4.77	2026-04-15 13:46:28.178107	2026-04-15 13:46:28.178107
e043f122-e670-4db8-8fb7-619171440532	c7619aa1-762b-416f-9d06-f82fab3884d0	2026-04-07	5197	147	115.45	3	554.25	0.0283	38.48	4.80	2026-04-15 13:46:28.181057	2026-04-15 13:46:28.181057
54ecc41f-3152-462f-bc7c-c9b6e9170ac6	c7619aa1-762b-416f-9d06-f82fab3884d0	2026-04-08	5400	155	118.51	4	573.12	0.0287	29.63	4.84	2026-04-15 13:46:28.18426	2026-04-15 13:46:28.18426
4bf336d3-0145-4ade-ac3e-511eb5bb491d	c7619aa1-762b-416f-9d06-f82fab3884d0	2026-04-09	5625	163	121.87	4	594.11	0.0290	30.47	4.87	2026-04-15 13:46:28.186864	2026-04-15 13:46:28.186864
37bd8102-faf3-4270-85e8-b7fbc5466b6b	c7619aa1-762b-416f-9d06-f82fab3884d0	2026-04-10	5868	172	125.52	4	617.20	0.0293	31.38	4.92	2026-04-15 13:46:28.189881	2026-04-15 13:46:28.189881
b7c14822-0dd0-424b-8621-2ec769d0c8d8	c7619aa1-762b-416f-9d06-f82fab3884d0	2026-04-11	6127	183	129.41	4	642.14	0.0299	32.35	4.96	2026-04-15 13:46:28.193612	2026-04-15 13:46:28.193612
64f0a81a-9a74-448a-91ac-9fa86fab6b4a	c7619aa1-762b-416f-9d06-f82fab3884d0	2026-04-12	6401	194	133.51	4	668.81	0.0303	33.38	5.01	2026-04-15 13:46:28.197968	2026-04-15 13:46:28.197968
10575a92-d2f7-4eaa-8eec-efffdf41921c	c7619aa1-762b-416f-9d06-f82fab3884d0	2026-04-13	6685	205	137.77	5	696.93	0.0307	27.55	5.06	2026-04-15 13:46:28.201573	2026-04-15 13:46:28.201573
99456d17-01c4-43e7-a4f7-28b08168222d	c7619aa1-762b-416f-9d06-f82fab3884d0	2026-04-14	6977	217	142.16	5	726.35	0.0311	28.43	5.11	2026-04-15 13:46:28.204473	2026-04-15 13:46:28.204473
6c86c59b-88fb-4c02-93e7-e637c97d4e7b	c7619aa1-762b-416f-9d06-f82fab3884d0	2026-04-15	7275	230	146.62	5	756.69	0.0316	29.32	5.16	2026-04-15 13:46:28.207854	2026-04-15 13:46:28.207854
84e243c7-edf4-4863-83fc-f5942dcc5998	5d647532-c0f7-4d05-ab02-dc72145f2eab	2026-03-17	3735	66	76.03	1	104.68	0.0177	76.03	1.38	2026-04-15 13:46:28.223014	2026-04-15 13:46:28.223014
05f165df-87ae-4d0f-98ba-b4dad2592f39	5d647532-c0f7-4d05-ab02-dc72145f2eab	2026-03-18	3579	62	73.68	1	100.44	0.0173	73.68	1.36	2026-04-15 13:46:28.225486	2026-04-15 13:46:28.225486
03cb72b9-9011-4998-9a8f-85ac2abd9d91	5d647532-c0f7-4d05-ab02-dc72145f2eab	2026-03-19	3427	58	71.40	1	96.38	0.0169	71.40	1.35	2026-04-15 13:46:28.228064	2026-04-15 13:46:28.228064
3ad9e8ee-9b2c-4ecd-85c9-2d5996d6d7ff	5d647532-c0f7-4d05-ab02-dc72145f2eab	2026-03-20	3281	55	69.21	1	92.54	0.0168	69.21	1.34	2026-04-15 13:46:28.231637	2026-04-15 13:46:28.231637
d016a333-9513-4ab7-b384-95d6ef52125b	5d647532-c0f7-4d05-ab02-dc72145f2eab	2026-03-21	3141	52	67.12	1	88.93	0.0166	67.12	1.32	2026-04-15 13:46:28.236673	2026-04-15 13:46:28.236673
b390e462-01ce-48ca-a66d-7fcb0f5d05c8	5d647532-c0f7-4d05-ab02-dc72145f2eab	2026-03-22	3011	49	65.16	1	85.59	0.0163	65.16	1.31	2026-04-15 13:46:28.239248	2026-04-15 13:46:28.239248
6dcbe00e-eb98-4ed6-bcab-d89940c1590b	5d647532-c0f7-4d05-ab02-dc72145f2eab	2026-03-23	2890	47	63.36	1	82.55	0.0163	63.36	1.30	2026-04-15 13:46:28.242085	2026-04-15 13:46:28.242085
503275e6-1368-4116-8a19-587ed7a412c4	5d647532-c0f7-4d05-ab02-dc72145f2eab	2026-03-24	2781	44	61.71	1	79.81	0.0158	61.71	1.29	2026-04-15 13:46:28.243554	2026-04-15 13:46:28.243554
f25e8e3c-b493-4487-a7fd-545c7c290277	5d647532-c0f7-4d05-ab02-dc72145f2eab	2026-03-25	2683	42	60.25	1	77.41	0.0157	60.25	1.28	2026-04-15 13:46:28.24737	2026-04-15 13:46:28.24737
1e4c66e9-7a16-4c85-8f2b-8ea623610a67	5d647532-c0f7-4d05-ab02-dc72145f2eab	2026-03-26	2599	41	58.99	1	75.36	0.0158	58.99	1.28	2026-04-15 13:46:28.253971	2026-04-15 13:46:28.253971
e5bc80f0-a8bc-4f61-a25e-69577291bef9	5d647532-c0f7-4d05-ab02-dc72145f2eab	2026-03-27	2529	39	57.94	1	73.66	0.0154	57.94	1.27	2026-04-15 13:46:28.255516	2026-04-15 13:46:28.255516
bd088ecb-7cd5-4af3-aadf-e08fc6a87801	5d647532-c0f7-4d05-ab02-dc72145f2eab	2026-03-28	2474	38	57.10	1	72.31	0.0154	57.10	1.27	2026-04-15 13:46:28.257207	2026-04-15 13:46:28.257207
fddce0dd-814b-4946-b37a-0267fe6ac0a8	5d647532-c0f7-4d05-ab02-dc72145f2eab	2026-03-29	2433	37	56.50	1	71.35	0.0152	56.50	1.26	2026-04-15 13:46:28.260039	2026-04-15 13:46:28.260039
6bde6438-e1d7-4990-ac72-c24249c8567c	5d647532-c0f7-4d05-ab02-dc72145f2eab	2026-03-30	2409	37	56.13	1	70.77	0.0154	56.13	1.26	2026-04-15 13:46:28.264179	2026-04-15 13:46:28.264179
67b8cfec-829c-4e6d-9217-8c99b2ac097d	5d647532-c0f7-4d05-ab02-dc72145f2eab	2026-03-31	2400	37	56.00	1	70.56	0.0154	56.00	1.26	2026-04-15 13:46:28.267763	2026-04-15 13:46:28.267763
69377874-8a4f-41aa-9442-135115edb869	5d647532-c0f7-4d05-ab02-dc72145f2eab	2026-04-01	2407	37	56.11	1	70.73	0.0154	56.11	1.26	2026-04-15 13:46:28.270427	2026-04-15 13:46:28.270427
1465f575-c269-4e75-adea-cd786adc2dae	5d647532-c0f7-4d05-ab02-dc72145f2eab	2026-04-02	2431	37	56.46	1	71.29	0.0152	56.46	1.26	2026-04-15 13:46:28.272605	2026-04-15 13:46:28.272605
8b4543a7-0bcd-4d9e-a66f-93afbcff364c	5d647532-c0f7-4d05-ab02-dc72145f2eab	2026-04-03	2469	38	57.04	1	72.22	0.0154	57.04	1.27	2026-04-15 13:46:28.27451	2026-04-15 13:46:28.27451
95f0aa2b-891e-4ce4-ace8-88f58d82b196	5d647532-c0f7-4d05-ab02-dc72145f2eab	2026-04-04	2524	39	57.85	1	73.52	0.0155	57.85	1.27	2026-04-15 13:46:28.278011	2026-04-15 13:46:28.278011
3d3b6d4c-a49e-46e5-9b39-9c50a89e96a7	5d647532-c0f7-4d05-ab02-dc72145f2eab	2026-04-05	2592	40	58.89	1	75.19	0.0154	58.89	1.28	2026-04-15 13:46:28.280571	2026-04-15 13:46:28.280571
d74a01c2-953a-4a9d-9282-edecd4e98389	5d647532-c0f7-4d05-ab02-dc72145f2eab	2026-04-06	2675	42	60.13	1	77.21	0.0157	60.13	1.28	2026-04-15 13:46:28.284914	2026-04-15 13:46:28.284914
8752d9b1-e43d-4ab8-b9d9-9d12d76368f4	5d647532-c0f7-4d05-ab02-dc72145f2eab	2026-04-07	2772	44	61.58	1	79.59	0.0159	61.58	1.29	2026-04-15 13:46:28.286858	2026-04-15 13:46:28.286858
5d714295-6241-44f7-89bb-6883f0dd9a9d	5d647532-c0f7-4d05-ab02-dc72145f2eab	2026-04-08	2880	46	63.20	1	82.29	0.0160	63.20	1.30	2026-04-15 13:46:28.288498	2026-04-15 13:46:28.288498
7620f1e6-b450-4d81-86bf-14f44687b395	5d647532-c0f7-4d05-ab02-dc72145f2eab	2026-04-09	3000	49	65.00	1	85.31	0.0163	65.00	1.31	2026-04-15 13:46:28.290119	2026-04-15 13:46:28.290119
5c1ac7b5-c46d-4b89-884f-573d0b11a98b	5d647532-c0f7-4d05-ab02-dc72145f2eab	2026-04-10	3130	52	66.94	1	88.62	0.0166	66.94	1.32	2026-04-15 13:46:28.292783	2026-04-15 13:46:28.292783
de588e23-0f3f-469b-92e6-a057a9f61c2b	5d647532-c0f7-4d05-ab02-dc72145f2eab	2026-04-11	3268	55	69.02	1	92.21	0.0168	69.02	1.34	2026-04-15 13:46:28.295537	2026-04-15 13:46:28.295537
12aff3f3-bd1c-4586-8cd6-81556beec9f6	5d647532-c0f7-4d05-ab02-dc72145f2eab	2026-04-12	3414	58	71.20	1	96.03	0.0170	71.20	1.35	2026-04-15 13:46:28.299348	2026-04-15 13:46:28.299348
4f87cc81-fea8-45b4-9bad-35aa33485f17	5d647532-c0f7-4d05-ab02-dc72145f2eab	2026-04-13	3565	62	73.48	1	100.08	0.0174	73.48	1.36	2026-04-15 13:46:28.303091	2026-04-15 13:46:28.303091
68b6a1b6-40a0-4d08-8ea7-2ce7fa0f8a0e	5d647532-c0f7-4d05-ab02-dc72145f2eab	2026-04-14	3721	65	75.82	1	104.30	0.0175	75.82	1.38	2026-04-15 13:46:28.305491	2026-04-15 13:46:28.305491
6768d630-0266-4fd6-9b1d-35788679c97c	5d647532-c0f7-4d05-ab02-dc72145f2eab	2026-04-15	3880	69	78.20	1	108.66	0.0178	78.20	1.39	2026-04-15 13:46:28.307081	2026-04-15 13:46:28.307081
f5055b8b-7c77-4ee9-8345-7a91a87dab8d	341c84f2-049a-4845-96b3-3584f5d22e20	2026-03-17	2801	131	57.02	4	437.39	0.0468	14.26	7.67	2026-04-15 13:46:28.311722	2026-04-15 13:46:28.311722
c3919443-954e-4da1-8b0d-b7652d5ad262	341c84f2-049a-4845-96b3-3584f5d22e20	2026-03-18	2684	124	55.26	3	419.68	0.0462	18.42	7.59	2026-04-15 13:46:28.314193	2026-04-15 13:46:28.314193
ed079c7e-5b46-419b-ab4e-1649be6dec5a	341c84f2-049a-4845-96b3-3584f5d22e20	2026-03-19	2570	117	53.55	3	402.73	0.0455	17.85	7.52	2026-04-15 13:46:28.318277	2026-04-15 13:46:28.318277
af43d27f-486c-420e-aa97-94fd79524eca	341c84f2-049a-4845-96b3-3584f5d22e20	2026-03-20	2460	110	51.91	3	386.69	0.0447	17.30	7.45	2026-04-15 13:46:28.321242	2026-04-15 13:46:28.321242
f3b741e7-3227-4578-8356-9eaf93d3673f	341c84f2-049a-4845-96b3-3584f5d22e20	2026-03-21	2356	104	50.34	3	371.58	0.0441	16.78	7.38	2026-04-15 13:46:28.322793	2026-04-15 13:46:28.322793
ff8748f3-f363-4d0b-92ab-b3f7214184f3	341c84f2-049a-4845-96b3-3584f5d22e20	2026-03-22	2258	98	48.87	3	357.62	0.0434	16.29	7.32	2026-04-15 13:46:28.324598	2026-04-15 13:46:28.324598
6684cec6-e37d-49a4-8ec7-e3789333da2f	341c84f2-049a-4845-96b3-3584f5d22e20	2026-03-23	2168	93	47.52	3	344.95	0.0429	15.84	7.26	2026-04-15 13:46:28.326304	2026-04-15 13:46:28.326304
815b868e-086c-4b68-85ef-67ea1bab3862	341c84f2-049a-4845-96b3-3584f5d22e20	2026-03-24	2086	89	46.28	3	333.48	0.0427	15.43	7.21	2026-04-15 13:46:28.32762	2026-04-15 13:46:28.32762
f9d6ea09-6e62-4045-948e-7605c9c16bc2	341c84f2-049a-4845-96b3-3584f5d22e20	2026-03-25	2013	85	45.19	3	323.48	0.0422	15.06	7.16	2026-04-15 13:46:28.329313	2026-04-15 13:46:28.329313
4ae12768-372a-4bd2-8fdf-b7d6fc8c8dbd	341c84f2-049a-4845-96b3-3584f5d22e20	2026-03-26	1949	81	44.24	2	314.86	0.0416	22.12	7.12	2026-04-15 13:46:28.332855	2026-04-15 13:46:28.332855
4c980130-3f7c-4c27-99ea-3a9f5100958d	341c84f2-049a-4845-96b3-3584f5d22e20	2026-03-27	1897	78	43.45	2	307.75	0.0411	21.73	7.08	2026-04-15 13:46:28.336969	2026-04-15 13:46:28.336969
8bf48f5d-0f24-4ece-8c8d-88229e359948	341c84f2-049a-4845-96b3-3584f5d22e20	2026-03-28	1855	76	42.83	2	302.20	0.0410	21.42	7.06	2026-04-15 13:46:28.338696	2026-04-15 13:46:28.338696
8a978886-d1f3-4be2-981f-69bcddad3aea	341c84f2-049a-4845-96b3-3584f5d22e20	2026-03-29	1825	75	42.37	2	298.13	0.0411	21.19	7.04	2026-04-15 13:46:28.341474	2026-04-15 13:46:28.341474
64b7db23-c41d-4bf1-acc5-6cfb1c6bcfab	341c84f2-049a-4845-96b3-3584f5d22e20	2026-03-30	1807	74	42.10	2	295.72	0.0410	21.05	7.02	2026-04-15 13:46:28.345062	2026-04-15 13:46:28.345062
e817aa78-77b1-4fd7-9a49-4898611dd0b5	341c84f2-049a-4845-96b3-3584f5d22e20	2026-03-31	1800	73	42.00	2	294.84	0.0406	21.00	7.02	2026-04-15 13:46:28.34743	2026-04-15 13:46:28.34743
813b3476-37a6-4b96-bf1a-915b1db9b83d	341c84f2-049a-4845-96b3-3584f5d22e20	2026-04-01	1805	74	42.08	2	295.55	0.0410	21.04	7.02	2026-04-15 13:46:28.351155	2026-04-15 13:46:28.351155
ee429548-7573-4d0b-9fea-b49c87ade5c0	341c84f2-049a-4845-96b3-3584f5d22e20	2026-04-02	1823	75	42.34	2	297.86	0.0411	21.17	7.03	2026-04-15 13:46:28.353319	2026-04-15 13:46:28.353319
6f750a42-2316-4dfd-ae58-192bdaacaa2b	341c84f2-049a-4845-96b3-3584f5d22e20	2026-04-03	1852	76	42.78	2	301.76	0.0410	21.39	7.05	2026-04-15 13:46:28.3555	2026-04-15 13:46:28.3555
e7bc915c-3a62-4936-ac4f-08dd300b3f34	341c84f2-049a-4845-96b3-3584f5d22e20	2026-04-04	1893	78	43.39	2	307.21	0.0412	21.70	7.08	2026-04-15 13:46:28.357535	2026-04-15 13:46:28.357535
9d2702d8-b8d3-4457-863c-b99047a871e4	341c84f2-049a-4845-96b3-3584f5d22e20	2026-04-05	1944	81	44.17	2	314.22	0.0417	22.09	7.11	2026-04-15 13:46:28.359943	2026-04-15 13:46:28.359943
abf8f1ac-d399-40a1-b9b3-085537fb6fe0	341c84f2-049a-4845-96b3-3584f5d22e20	2026-04-06	2007	84	45.10	3	322.66	0.0419	15.03	7.15	2026-04-15 13:46:28.362544	2026-04-15 13:46:28.362544
082af6bc-befc-4a05-bd9b-2f3c23b85653	341c84f2-049a-4845-96b3-3584f5d22e20	2026-04-07	2079	88	46.18	3	332.55	0.0423	15.39	7.20	2026-04-15 13:46:28.365514	2026-04-15 13:46:28.365514
9b4c41de-f9f7-4186-935c-a0000004a43c	341c84f2-049a-4845-96b3-3584f5d22e20	2026-04-08	2160	93	47.40	3	343.84	0.0431	15.80	7.25	2026-04-15 13:46:28.368381	2026-04-15 13:46:28.368381
5a8b9ce1-039c-4514-b511-44d102419ff7	341c84f2-049a-4845-96b3-3584f5d22e20	2026-04-09	2250	98	48.75	3	356.48	0.0436	16.25	7.31	2026-04-15 13:46:28.371575	2026-04-15 13:46:28.371575
07223c2b-1ac0-4c68-a5e7-026ca38c9a25	341c84f2-049a-4845-96b3-3584f5d22e20	2026-04-10	2347	103	50.21	3	370.33	0.0439	16.74	7.38	2026-04-15 13:46:28.373954	2026-04-15 13:46:28.373954
dea63384-c039-4f31-803a-fa703edf51fd	341c84f2-049a-4845-96b3-3584f5d22e20	2026-04-11	2451	110	51.76	3	385.26	0.0449	17.25	7.44	2026-04-15 13:46:28.375687	2026-04-15 13:46:28.375687
af24ab6c-7bfc-4af2-9777-505626ff5f22	341c84f2-049a-4845-96b3-3584f5d22e20	2026-04-12	2560	116	53.40	3	401.26	0.0453	17.80	7.51	2026-04-15 13:46:28.378434	2026-04-15 13:46:28.378434
1c387599-409d-4e18-b05e-18854b5318ca	341c84f2-049a-4845-96b3-3584f5d22e20	2026-04-13	2674	123	55.11	3	418.18	0.0460	18.37	7.59	2026-04-15 13:46:28.380756	2026-04-15 13:46:28.380756
31d913bb-62bb-41bb-9b82-e08075ff9512	341c84f2-049a-4845-96b3-3584f5d22e20	2026-04-14	2791	130	56.86	4	435.78	0.0466	14.22	7.66	2026-04-15 13:46:28.385529	2026-04-15 13:46:28.385529
e028697e-89b4-48c3-adf9-13dbd803f0f9	341c84f2-049a-4845-96b3-3584f5d22e20	2026-04-15	2910	138	58.65	4	454.03	0.0474	14.66	7.74	2026-04-15 13:46:28.401116	2026-04-15 13:46:28.401116
c43e68bc-3b99-47a4-b6ab-d7d5247cc79d	a3479059-00a3-4dcc-8c02-69f0771ae325	2026-03-17	9338	82	190.06	0	0.00	0.0088	0.00	0.00	2026-04-15 13:46:28.409629	2026-04-15 13:46:28.409629
48fbb65e-d93e-43b4-965e-3b647f253461	a3479059-00a3-4dcc-8c02-69f0771ae325	2026-03-18	8947	77	184.21	0	0.00	0.0086	0.00	0.00	2026-04-15 13:46:28.412422	2026-04-15 13:46:28.412422
668791a6-2ed3-477b-8b0e-0b34f71e5162	a3479059-00a3-4dcc-8c02-69f0771ae325	2026-03-19	8567	73	178.51	0	0.00	0.0085	0.00	0.00	2026-04-15 13:46:28.418674	2026-04-15 13:46:28.418674
62211c8f-6264-494d-9f71-bd39cd0122a0	a3479059-00a3-4dcc-8c02-69f0771ae325	2026-03-20	8201	69	173.02	0	0.00	0.0084	0.00	0.00	2026-04-15 13:46:28.425304	2026-04-15 13:46:28.425304
0c0a25c2-b7fa-4622-a37f-5d553ebb1cec	a3479059-00a3-4dcc-8c02-69f0771ae325	2026-03-21	7854	65	167.81	0	0.00	0.0083	0.00	0.00	2026-04-15 13:46:28.428053	2026-04-15 13:46:28.428053
1999d8b7-be55-4566-a628-2420a75a0873	a3479059-00a3-4dcc-8c02-69f0771ae325	2026-03-22	7527	61	162.91	0	0.00	0.0081	0.00	0.00	2026-04-15 13:46:28.431017	2026-04-15 13:46:28.431017
5e1592be-e7e1-4f3b-91d7-128520243a6f	a3479059-00a3-4dcc-8c02-69f0771ae325	2026-03-23	7226	58	158.39	0	0.00	0.0080	0.00	0.00	2026-04-15 13:46:28.434497	2026-04-15 13:46:28.434497
2dfa3392-fe05-4517-b480-2e2547f431fa	a3479059-00a3-4dcc-8c02-69f0771ae325	2026-03-24	6952	55	154.28	0	0.00	0.0079	0.00	0.00	2026-04-15 13:46:28.436819	2026-04-15 13:46:28.436819
d19830ba-3c71-41fb-9e20-ecbf865ba9be	a3479059-00a3-4dcc-8c02-69f0771ae325	2026-03-25	6709	53	150.63	0	0.00	0.0079	0.00	0.00	2026-04-15 13:46:28.438851	2026-04-15 13:46:28.438851
d1d72138-b9ee-49da-99de-c20155882e70	a3479059-00a3-4dcc-8c02-69f0771ae325	2026-03-26	6498	51	147.47	0	0.00	0.0078	0.00	0.00	2026-04-15 13:46:28.440797	2026-04-15 13:46:28.440797
2d508e38-5205-4dee-b605-421fee53554b	a3479059-00a3-4dcc-8c02-69f0771ae325	2026-03-27	6323	49	144.84	0	0.00	0.0077	0.00	0.00	2026-04-15 13:46:28.442999	2026-04-15 13:46:28.442999
17764a49-dd95-45c9-a65b-34dafc0d7f62	a3479059-00a3-4dcc-8c02-69f0771ae325	2026-03-28	6184	48	142.76	0	0.00	0.0078	0.00	0.00	2026-04-15 13:46:28.445253	2026-04-15 13:46:28.445253
f78418e7-6d34-45a3-a99a-69ae0e9b6bf2	a3479059-00a3-4dcc-8c02-69f0771ae325	2026-03-29	6083	47	141.25	0	0.00	0.0077	0.00	0.00	2026-04-15 13:46:28.447116	2026-04-15 13:46:28.447116
1d93b800-14b8-4b5a-92da-fda518116934	a3479059-00a3-4dcc-8c02-69f0771ae325	2026-03-30	6022	46	140.33	0	0.00	0.0076	0.00	0.00	2026-04-15 13:46:28.453291	2026-04-15 13:46:28.453291
13f03f49-39ef-41cd-999b-f40368ccb772	a3479059-00a3-4dcc-8c02-69f0771ae325	2026-03-31	6000	46	140.00	0	0.00	0.0077	0.00	0.00	2026-04-15 13:46:28.455902	2026-04-15 13:46:28.455902
bd25f25d-ad80-4212-af3f-491876458ccb	a3479059-00a3-4dcc-8c02-69f0771ae325	2026-04-01	6018	46	140.27	0	0.00	0.0076	0.00	0.00	2026-04-15 13:46:28.457359	2026-04-15 13:46:28.457359
7eaef121-356f-4a8d-a2b1-a00db4779f08	a3479059-00a3-4dcc-8c02-69f0771ae325	2026-04-02	6076	47	141.14	0	0.00	0.0077	0.00	0.00	2026-04-15 13:46:28.459544	2026-04-15 13:46:28.459544
9e53db86-e700-4ac8-808a-69ba6cf6a30e	a3479059-00a3-4dcc-8c02-69f0771ae325	2026-04-03	6173	48	142.60	0	0.00	0.0078	0.00	0.00	2026-04-15 13:46:28.460868	2026-04-15 13:46:28.460868
fcd36f90-b841-42f1-8846-e9ec563913a5	a3479059-00a3-4dcc-8c02-69f0771ae325	2026-04-04	6309	49	144.63	0	0.00	0.0078	0.00	0.00	2026-04-15 13:46:28.461904	2026-04-15 13:46:28.461904
0464970e-566f-4dac-a127-48fe3eb4f884	a3479059-00a3-4dcc-8c02-69f0771ae325	2026-04-05	6481	51	147.22	0	0.00	0.0079	0.00	0.00	2026-04-15 13:46:28.464029	2026-04-15 13:46:28.464029
c9f7c49c-9905-453e-bdd3-8bbf731556b6	a3479059-00a3-4dcc-8c02-69f0771ae325	2026-04-06	6689	53	150.33	0	0.00	0.0079	0.00	0.00	2026-04-15 13:46:28.46729	2026-04-15 13:46:28.46729
386cefe0-ee23-433b-b823-68ad91e1145f	a3479059-00a3-4dcc-8c02-69f0771ae325	2026-04-07	6929	55	153.94	0	0.00	0.0079	0.00	0.00	2026-04-15 13:46:28.472494	2026-04-15 13:46:28.472494
9e99fb0b-896f-4c50-a231-ab2290fa8891	a3479059-00a3-4dcc-8c02-69f0771ae325	2026-04-08	7201	58	158.01	0	0.00	0.0081	0.00	0.00	2026-04-15 13:46:28.474482	2026-04-15 13:46:28.474482
7e58a4ad-f1af-4ebf-948e-020c2ff27ced	a3479059-00a3-4dcc-8c02-69f0771ae325	2026-04-09	7500	61	162.50	0	0.00	0.0081	0.00	0.00	2026-04-15 13:46:28.476186	2026-04-15 13:46:28.476186
44189c89-86a4-4700-8f4a-9296ffe225ff	a3479059-00a3-4dcc-8c02-69f0771ae325	2026-04-10	7824	65	167.36	0	0.00	0.0083	0.00	0.00	2026-04-15 13:46:28.478883	2026-04-15 13:46:28.478883
8b1f0176-4994-453d-b94b-809806cc5654	a3479059-00a3-4dcc-8c02-69f0771ae325	2026-04-11	8170	68	172.55	0	0.00	0.0083	0.00	0.00	2026-04-15 13:46:28.482012	2026-04-15 13:46:28.482012
6eb0bafc-2f75-41f8-a9da-33e3bc39a200	a3479059-00a3-4dcc-8c02-69f0771ae325	2026-04-12	8534	73	178.01	0	0.00	0.0086	0.00	0.00	2026-04-15 13:46:28.489325	2026-04-15 13:46:28.489325
e823efd2-3002-4087-8bcb-3e50a97d9a48	a3479059-00a3-4dcc-8c02-69f0771ae325	2026-04-13	8913	77	183.69	0	0.00	0.0086	0.00	0.00	2026-04-15 13:46:28.492139	2026-04-15 13:46:28.492139
f66a8527-af3c-472c-a5ab-b1ee6dc3f914	a3479059-00a3-4dcc-8c02-69f0771ae325	2026-04-14	9303	82	189.54	0	0.00	0.0088	0.00	0.00	2026-04-15 13:46:28.49403	2026-04-15 13:46:28.49403
172a24a0-eece-4934-92d1-bdb68cc5f610	a3479059-00a3-4dcc-8c02-69f0771ae325	2026-04-15	9699	86	195.49	0	0.00	0.0089	0.00	0.00	2026-04-15 13:46:28.496954	2026-04-15 13:46:28.496954
98402f88-f4f3-4361-96a1-0605b41ebd48	ec5f082c-6412-4663-b0c7-5c3357ca3a02	2026-03-17	5603	131	114.04	3	347.67	0.0234	38.01	3.05	2026-04-15 13:46:28.506315	2026-04-15 13:46:28.506315
90463370-7e2b-4a6a-bd91-a14f0b6f2d90	ec5f082c-6412-4663-b0c7-5c3357ca3a02	2026-03-18	5368	124	110.52	2	333.59	0.0231	55.26	3.02	2026-04-15 13:46:28.50818	2026-04-15 13:46:28.50818
ebf31ee9-97cd-4ce1-9ec0-bfccccd32ed1	ec5f082c-6412-4663-b0c7-5c3357ca3a02	2026-03-19	5140	117	107.10	2	320.12	0.0228	53.55	2.99	2026-04-15 13:46:28.509819	2026-04-15 13:46:28.509819
cb8b5fe2-72ad-41f9-9a5d-1165d4025a80	ec5f082c-6412-4663-b0c7-5c3357ca3a02	2026-03-20	4921	110	103.81	2	307.34	0.0224	51.91	2.96	2026-04-15 13:46:28.511714	2026-04-15 13:46:28.511714
f1e75d75-4b6f-413b-9baa-41c82e712c07	ec5f082c-6412-4663-b0c7-5c3357ca3a02	2026-03-21	4712	104	100.68	2	295.36	0.0221	50.34	2.93	2026-04-15 13:46:28.514821	2026-04-15 13:46:28.514821
3a5d3fb6-ca29-4de8-afda-3bebbdfc7dc2	ec5f082c-6412-4663-b0c7-5c3357ca3a02	2026-03-22	4516	98	97.75	2	284.29	0.0217	48.88	2.91	2026-04-15 13:46:28.518463	2026-04-15 13:46:28.518463
ec372cdb-4eba-4d1d-86a6-aac61ee2f710	ec5f082c-6412-4663-b0c7-5c3357ca3a02	2026-03-23	4336	93	95.03	2	274.16	0.0214	47.52	2.88	2026-04-15 13:46:28.520842	2026-04-15 13:46:28.520842
afe44e3a-b0e8-4ef0-848f-84e32ed1d38e	ec5f082c-6412-4663-b0c7-5c3357ca3a02	2026-03-24	4171	89	92.57	2	265.10	0.0213	46.29	2.86	2026-04-15 13:46:28.523399	2026-04-15 13:46:28.523399
417f367a-21ad-41fd-b836-3550531445de	ec5f082c-6412-4663-b0c7-5c3357ca3a02	2026-03-25	4025	85	90.38	2	257.12	0.0211	45.19	2.84	2026-04-15 13:46:28.525473	2026-04-15 13:46:28.525473
2861bed3-c062-4136-9076-956a06b037e4	ec5f082c-6412-4663-b0c7-5c3357ca3a02	2026-03-26	3899	81	88.48	2	250.28	0.0208	44.24	2.83	2026-04-15 13:46:28.527486	2026-04-15 13:46:28.527486
04ba62d6-2318-4c25-a938-85133567f5b4	ec5f082c-6412-4663-b0c7-5c3357ca3a02	2026-03-27	3794	78	86.90	2	244.62	0.0206	43.45	2.81	2026-04-15 13:46:28.529814	2026-04-15 13:46:28.529814
b536d2ea-8257-4b4f-bec2-e521bce18990	ec5f082c-6412-4663-b0c7-5c3357ca3a02	2026-03-28	3710	76	85.66	2	240.21	0.0205	42.83	2.80	2026-04-15 13:46:28.533587	2026-04-15 13:46:28.533587
f8aa6668-6d05-400f-8cf7-e7e28ff0990a	ec5f082c-6412-4663-b0c7-5c3357ca3a02	2026-03-29	3650	75	84.75	2	237.00	0.0205	42.38	2.80	2026-04-15 13:46:28.536002	2026-04-15 13:46:28.536002
4f260164-a28c-41ee-b6bb-752b14883ff3	ec5f082c-6412-4663-b0c7-5c3357ca3a02	2026-03-30	3613	74	84.20	2	235.06	0.0205	42.10	2.79	2026-04-15 13:46:28.537249	2026-04-15 13:46:28.537249
7cf155d5-e55d-499f-bfa3-7f7e65413c1b	ec5f082c-6412-4663-b0c7-5c3357ca3a02	2026-03-31	3600	73	84.00	2	234.36	0.0203	42.00	2.79	2026-04-15 13:46:28.538314	2026-04-15 13:46:28.538314
db6d8590-cbba-43ab-8e84-f0dcb054c1ae	ec5f082c-6412-4663-b0c7-5c3357ca3a02	2026-04-01	3611	74	84.16	2	234.93	0.0205	42.08	2.79	2026-04-15 13:46:28.53934	2026-04-15 13:46:28.53934
9c4f72eb-d060-413e-814c-151507d422d2	ec5f082c-6412-4663-b0c7-5c3357ca3a02	2026-04-02	3646	75	84.69	2	236.79	0.0206	42.35	2.80	2026-04-15 13:46:28.540526	2026-04-15 13:46:28.540526
cddeafc5-ad1a-46f5-ab73-0235c6dee7f4	ec5f082c-6412-4663-b0c7-5c3357ca3a02	2026-04-03	3704	76	85.56	2	239.86	0.0205	42.78	2.80	2026-04-15 13:46:28.54187	2026-04-15 13:46:28.54187
61850c71-9730-4772-bbac-022603de0c25	ec5f082c-6412-4663-b0c7-5c3357ca3a02	2026-04-04	3785	78	86.78	2	244.19	0.0206	43.39	2.81	2026-04-15 13:46:28.543175	2026-04-15 13:46:28.543175
eadaf746-4652-4d6f-8445-9fd4f0154561	ec5f082c-6412-4663-b0c7-5c3357ca3a02	2026-04-05	3889	81	88.33	2	249.73	0.0208	44.17	2.83	2026-04-15 13:46:28.545047	2026-04-15 13:46:28.545047
2e3234b1-b11b-4a68-92d1-16853910674b	ec5f082c-6412-4663-b0c7-5c3357ca3a02	2026-04-06	4013	84	90.20	2	256.47	0.0209	45.10	2.84	2026-04-15 13:46:28.547662	2026-04-15 13:46:28.547662
63c7675a-4c78-4826-bdf6-92269c53a1e2	ec5f082c-6412-4663-b0c7-5c3357ca3a02	2026-04-07	4158	88	92.36	2	264.34	0.0212	46.18	2.86	2026-04-15 13:46:28.550906	2026-04-15 13:46:28.550906
e040028f-22eb-4830-b4a1-4afc19755970	ec5f082c-6412-4663-b0c7-5c3357ca3a02	2026-04-08	4320	93	94.80	2	273.31	0.0215	47.40	2.88	2026-04-15 13:46:28.552737	2026-04-15 13:46:28.552737
4b13256d-a5e6-4746-ba38-be14e10a3b93	ec5f082c-6412-4663-b0c7-5c3357ca3a02	2026-04-09	4500	98	97.50	2	283.36	0.0218	48.75	2.91	2026-04-15 13:46:28.554279	2026-04-15 13:46:28.554279
32d73282-699f-4706-a2c2-6a7a8fa91242	ec5f082c-6412-4663-b0c7-5c3357ca3a02	2026-04-10	4694	103	100.42	2	294.37	0.0219	50.21	2.93	2026-04-15 13:46:28.555898	2026-04-15 13:46:28.555898
d0decdfc-3dd4-44a5-b346-d2c9f0ca8094	ec5f082c-6412-4663-b0c7-5c3357ca3a02	2026-04-11	4902	110	103.53	2	306.26	0.0224	51.77	2.96	2026-04-15 13:46:28.557305	2026-04-15 13:46:28.557305
8cfaa1c6-1eb9-4b51-98ac-78c2e645f90c	ec5f082c-6412-4663-b0c7-5c3357ca3a02	2026-04-12	5120	116	106.81	2	318.98	0.0227	53.41	2.99	2026-04-15 13:46:28.559355	2026-04-15 13:46:28.559355
b0e9c23b-87af-44c7-83d8-134736e5b563	ec5f082c-6412-4663-b0c7-5c3357ca3a02	2026-04-13	5348	123	110.22	2	332.40	0.0230	55.11	3.02	2026-04-15 13:46:28.561704	2026-04-15 13:46:28.561704
8c33bf4b-d593-4556-a63c-631a2fe47560	ec5f082c-6412-4663-b0c7-5c3357ca3a02	2026-04-14	5582	130	113.72	2	346.39	0.0233	56.86	3.05	2026-04-15 13:46:28.563344	2026-04-15 13:46:28.563344
1b3e1d55-b3a3-4cca-9398-d718f25e8d4d	ec5f082c-6412-4663-b0c7-5c3357ca3a02	2026-04-15	5820	138	117.29	3	360.87	0.0237	39.10	3.08	2026-04-15 13:46:28.568029	2026-04-15 13:46:28.568029
\.


--
-- Data for Name: migrations; Type: TABLE DATA; Schema: public; Owner: metaiq_user
--

COPY public.migrations (id, "timestamp", name) FROM stdin;
1	1776170000000	InitialSchema1776170000000
2	1776260000000	AddUserRole1776260000000
3	1776270000000	CreateManagersStoresUserStores1776270000000
4	1776271000000	AddUserManager1776271000000
5	1776272000000	AddAdAccountStore1776272000000
6	1776273000000	AddCampaignStore1776273000000
7	1776274000000	AddPostgresRelationalIntegrity1776274000000
8	1776360000000	PrepareMetaStoreIntegrations1776360000000
9	1776450000000	EnsureStoreIntegrationsTable1776450000000
10	1776530000000	AddMetaOAuthState1776530000000
11	1776540000000	AddAdAccountExternalUnique1776540000000
12	1776550000000	PrepareMetaCampaignImports1776550000000
13	1776560000000	NormalizeMetaSyncStatuses1776560000000
14	1776570000000	IntroduceTenants1776570000000
15	1776580000000	AddTenantActiveAndPlatformAdmin1776580000000
16	1776590000000	CreateMetaCampaignCreations1776590000000
\.


--
-- Data for Name: oauth_states; Type: TABLE DATA; Schema: public; Owner: metaiq_user
--

COPY public.oauth_states (id, provider, state, "storeId", "initiatedByUserId", "expiresAt", "usedAt", "createdAt") FROM stdin;
3e1caebf-006a-4ede-be0a-7d3d428f1f90	META	L-L5CW2uqlr8w9V9rSMF1ki5SdruK9fZEclGx3TmQWA	5b4e4d30-dd38-45a0-9eb7-0e9767796e3a	1bb96263-23ad-4413-bded-b36a62587465	2026-04-16 08:37:32.884	\N	2026-04-16 08:27:32.89162
26d144be-40e7-4965-8533-7aa9213fb38e	META	cA4bHkpHbYYRmzJ0u6trd14G9TgFkFa3MPHFwOiJa4Q	5b4e4d30-dd38-45a0-9eb7-0e9767796e3a	1bb96263-23ad-4413-bded-b36a62587465	2026-04-16 08:38:02.023	\N	2026-04-16 08:28:02.02672
4bf8514a-f074-4116-989c-5021b7127bf4	META	OrUY9DSwWUCb_kCmezWiHsjv-K-twwHa-pu2Iar2DCw	3335d70b-0508-48e8-865d-68a878390a81	e22e56b9-4a59-4e92-9922-6308ee354a2e	2026-04-16 08:58:43.607	2026-04-16 08:49:00.129	2026-04-16 08:48:43.621526
82009c80-b085-442e-87a6-debed1f38e8b	META	vw9UEAEnNB12n0MqU3M-8GRgTp9ws3rNRLHmR4x9UDw	3335d70b-0508-48e8-865d-68a878390a81	e22e56b9-4a59-4e92-9922-6308ee354a2e	2026-04-16 08:59:00.128	2026-04-16 08:58:05.121	2026-04-16 08:49:00.141592
2758f28c-d441-46de-b5ce-4da4a94a1333	META	TqLonH4YD-qsp-dHSzewPGVeaQgvGOW2TkAl5r9-hIw	3335d70b-0508-48e8-865d-68a878390a81	e22e56b9-4a59-4e92-9922-6308ee354a2e	2026-04-16 09:08:05.121	2026-04-16 09:21:53.98	2026-04-16 08:58:05.129806
48735030-ccf0-4529-b94a-2f1e4dfa59d4	META	AYehhjc8l3v39mFg_SSpCUEaP62eltPOWU5cEp2Q6Kk	3335d70b-0508-48e8-865d-68a878390a81	e22e56b9-4a59-4e92-9922-6308ee354a2e	2026-04-16 09:31:53.98	2026-04-16 09:22:11.022189	2026-04-16 09:21:54.00519
56660a91-17f2-47f9-bf49-2be2ad26f94a	META	1wQX-YRddGUJ9Azw8LxH_L5lfZEmdwaB6ZQ6ImSonCM	97f0989f-7eca-42ee-b47e-78224a09901f	e22e56b9-4a59-4e92-9922-6308ee354a2e	2026-04-16 10:48:39.428	2026-04-16 10:39:58.605669	2026-04-16 10:38:39.711489
c5d1c5d1-fd8d-4a40-bab9-2d1f5ac72efb	META	2exwOOaRED9-PnENE80nvE1VqlXMj4g_tC90tq8CDD8	97f0989f-7eca-42ee-b47e-78224a09901f	1bb96263-23ad-4413-bded-b36a62587465	2026-04-16 10:51:44.248	2026-04-16 10:41:48.86587	2026-04-16 10:41:44.25802
b88f40fd-8a35-4072-b05b-1b651e29c236	META	J9vZoZuMdg7DoOodMIGrKgxl983ABP3K0mr8hHoPYBw	97f0989f-7eca-42ee-b47e-78224a09901f	1bb96263-23ad-4413-bded-b36a62587465	2026-04-16 10:52:05.81	2026-04-16 10:42:10.175635	2026-04-16 10:42:05.822667
12bb203a-de7b-473b-9d9f-b43dd9a31c1e	META	X7YWdY7GDLrQQSOxvtGnrGDoB0gdW8Bm4H6xbQfI-Lc	97f0989f-7eca-42ee-b47e-78224a09901f	1bb96263-23ad-4413-bded-b36a62587465	2026-04-16 10:54:58.346	2026-04-16 10:45:07.520718	2026-04-16 10:44:58.35848
73f94f9c-6615-4575-ab95-8783afad78e0	META	OeAFn0ParbvR3nj0j5pf13-vHGLqHH6sLk9EXQX-QLg	97f0989f-7eca-42ee-b47e-78224a09901f	4fb357e0-b74a-4ca6-acb5-80db6cc19bdb	2026-04-16 15:05:32.277	2026-04-16 15:01:40.52	2026-04-16 14:55:32.294456
d5774c00-f128-4504-8b6d-75eddb95c69b	META	D6t-PqLb_hTvveNwCxJqy-7P9Si_UVeJReqJIJXgmLg	97f0989f-7eca-42ee-b47e-78224a09901f	4fb357e0-b74a-4ca6-acb5-80db6cc19bdb	2026-04-16 15:11:40.52	2026-04-16 15:04:18.681	2026-04-16 15:01:40.538285
d615232a-627a-4867-abed-a254345de013	META	V3_A3ZBE_zRjUbxOJ2HM5r3esL8XNMKN-aq5GjuAGCM	97f0989f-7eca-42ee-b47e-78224a09901f	4fb357e0-b74a-4ca6-acb5-80db6cc19bdb	2026-04-16 15:14:18.681	2026-04-16 15:05:53.401	2026-04-16 15:04:18.690395
708008cb-df9f-476d-98a0-1dd02c40a899	META	mS8RY-cvIBpXNCT7gdAXUjoU_6OUTFS6NmyyKDUZucw	97f0989f-7eca-42ee-b47e-78224a09901f	4fb357e0-b74a-4ca6-acb5-80db6cc19bdb	2026-04-16 15:15:53.401	2026-04-16 15:06:57.399645	2026-04-16 15:05:53.419476
\.


--
-- Data for Name: store_integrations; Type: TABLE DATA; Schema: public; Owner: metaiq_user
--

COPY public.store_integrations (id, "storeId", provider, status, "externalBusinessId", "externalAdAccountId", "accessToken", "refreshToken", "tokenExpiresAt", "lastSyncAt", "lastSyncStatus", "lastSyncError", metadata, "createdAt", "updatedAt", "tokenType", "grantedScopes", "providerUserId", "oauthConnectedAt") FROM stdin;
aaf80ea9-499f-4ceb-b84e-44bb3724e252	3335d70b-0508-48e8-865d-68a878390a81	META	NOT_CONNECTED	\N	\N	gcm:e3f44c203a9715a112626921:e2dc9ce9fce638471c071b5a7caaab9a:134eb4594218362391f3885867fac314face153e47f39177040386b8743d3593dc74fde6eb4e5774afa6add8a050e19342482ded7c3e79efc2815be3a4300e7750d9e864268d8bacdd684be0ec1906603954fe6efd1a3acd5d18d00de93e0c08db049e4c23fc860b0e21463a3b68a4fe7c6b65340872676b66f2298a8dba0ea402f7ea1d9851203426e3509e8758707971f17b92cccd84a1c7fd7e4daedc9c6acd235f8a6e8fbc68d46ee2cf9b2d896c3a1e0eaa2b5748069d565d4b793a219a2e3887a890b8b9c06c76ef84eb416c448861d3f9f00a44bcbe27c1157d3e631ada65251afb0b7aa20d324862d8d587978fd6df7f145dbf0ebec6540a1ddb941b67ea9b5397d17963182a3be9c9d02d79362bcab6d13ba2457a7ad6690ae45a38d3f6b18e455ee8e8c07f96e95d	\N	\N	\N	NEVER_SYNCED	\N	{"oauthProvider":"META","connectedByStateId":"48735030-ccf0-4529-b94a-2f1e4dfa59d4"}	2026-04-16 08:48:40.929181	2026-04-16 09:23:40.715864	\N	\N	\N	2026-04-16 09:22:12.806
5a3c966e-f028-4621-b869-368c886ce4e8	fc86f50d-69b0-4761-924d-b83ed7cc86f7	META	NOT_CONNECTED	\N	\N	\N	\N	\N	\N	NEVER_SYNCED	\N	\N	2026-04-16 09:48:33.656892	2026-04-16 09:48:33.656892	\N	\N	\N	\N
8aea7ec8-2793-498c-b939-03bd27746079	d6548f3a-ecef-4982-a31f-cc1374a9436f	META	NOT_CONNECTED	\N	\N	\N	\N	\N	\N	NEVER_SYNCED	\N	\N	2026-04-16 10:25:06.124978	2026-04-16 10:25:06.124978	\N	\N	\N	\N
ab73dd37-c53e-47dd-bd67-d1d62be11b1a	5b4e4d30-dd38-45a0-9eb7-0e9767796e3a	META	NOT_CONNECTED	\N	\N	\N	\N	\N	\N	NEVER_SYNCED	\N	\N	2026-04-16 08:06:56.777737	2026-04-16 10:44:49.994715	\N	\N	\N	\N
3d833b07-e00d-426f-a5d4-6f6b9af07960	97f0989f-7eca-42ee-b47e-78224a09901f	META	CONNECTED	\N	\N	gcm:d3adbee4dcada8b5721384c3:93536510995de6057b8e405c4d93fe39:8186655408a05974085f00f2f86e113035b03378f58bbe8e05f0c51f8c793dfb59aca5780c4d3905eddebd7c0bacc5b70cfeba593d87ad2487c4410a9552f854e748302a678ce438f150de5bee2fdacb5c29784326f1918dd20a2c77f1cc048470d85ba52872c7ae428d12b82a0b8781e8d6b6ab7d30504769e508fa74b40a4314a459a49eebc434900c0e5ebd2b141e0932efbd4d56f91d89e6c47646f661614a1ccfdabf934112f0bdd48eccf213f4a665ed572e18934a4f4d854a974d3fd7eccfcdde781b2d8c63ab26b0f7c4ea6a0a785096346416d265dda5b42be6fe02abb28e93578c0a4492ccadb5363c6e7f66d26aa2787deedd7d1d1ff85849952b4e69ade005a2ebefa17c3cf05a84e7c279587f1406a5ae573128d853775b2471b8968433961aceef09a1ecbd	\N	2026-06-15 10:45:07.327	2026-04-16 15:12:22.076	SUCCESS	\N	{"oauthProvider":"META","connectedByStateId":"708008cb-df9f-476d-98a0-1dd02c40a899"}	2026-04-16 10:25:56.08961	2026-04-16 15:06:58.332	bearer	ads_read,ads_management,business_management	3361673193973358	2026-04-16 15:06:58.327
\.


--
-- Data for Name: stores; Type: TABLE DATA; Schema: public; Owner: metaiq_user
--

COPY public.stores (id, name, "managerId", active, "createdAt", "updatedAt", "tenantId") FROM stdin;
5b4e4d30-dd38-45a0-9eb7-0e9767796e3a	Loja Demo	07d88538-a6b4-4b6d-a1e4-bb66266e2061	t	2026-04-15 13:46:27.450156	2026-04-15 13:46:27.450156	07d88538-a6b4-4b6d-a1e4-bb66266e2061
fc86f50d-69b0-4761-924d-b83ed7cc86f7	Pratafina	07d88538-a6b4-4b6d-a1e4-bb66266e2061	t	2026-04-15 15:00:46.169899	2026-04-15 15:00:46.169899	07d88538-a6b4-4b6d-a1e4-bb66266e2061
3335d70b-0508-48e8-865d-68a878390a81	Empres_Intax	94ef9341-0cb3-4dbd-ab60-2b94af071304	t	2026-04-15 15:30:00.547981	2026-04-15 15:30:00.547981	94ef9341-0cb3-4dbd-ab60-2b94af071304
d6548f3a-ecef-4982-a31f-cc1374a9436f	Verzzio	94ef9341-0cb3-4dbd-ab60-2b94af071304	t	2026-04-16 09:49:12.903967	2026-04-16 09:49:12.903967	94ef9341-0cb3-4dbd-ab60-2b94af071304
97f0989f-7eca-42ee-b47e-78224a09901f	Prata e Art	94ef9341-0cb3-4dbd-ab60-2b94af071304	t	2026-04-16 10:25:42.81416	2026-04-16 10:25:42.81416	94ef9341-0cb3-4dbd-ab60-2b94af071304
\.


--
-- Data for Name: tenants; Type: TABLE DATA; Schema: public; Owner: metaiq_user
--

COPY public.tenants (id, name, "createdAt", "updatedAt", active) FROM stdin;
00000000-0000-4000-8000-000000000001	MetaIQ Platform	2026-04-16 10:20:11.688714	2026-04-16 10:20:11.688714	t
07d88538-a6b4-4b6d-a1e4-bb66266e2061	Gestor Demo	2026-04-15 13:46:27.420977	2026-04-15 13:46:27.420977	t
28417b78-1823-494f-9639-fd6e5b061de6	Pratafina	2026-04-15 15:29:25.078321	2026-04-15 15:29:37.847639	t
94ef9341-0cb3-4dbd-ab60-2b94af071304	Intax	2026-04-15 15:29:44.791051	2026-04-15 15:29:44.791051	t
\.


--
-- Data for Name: user_stores; Type: TABLE DATA; Schema: public; Owner: metaiq_user
--

COPY public.user_stores (id, "userId", "storeId", "createdAt") FROM stdin;
c2dbca2e-a5b7-49cd-8927-a84cdf2a6d17	4da6ebab-584e-4f63-8470-28b4f930b1e2	5b4e4d30-dd38-45a0-9eb7-0e9767796e3a	2026-04-15 13:46:28.091646
e585a088-bf46-4964-a234-18ff87b8534e	7a955780-1f40-4856-b7d5-867cbe4bb3e0	fc86f50d-69b0-4761-924d-b83ed7cc86f7	2026-04-15 15:00:54.352601
11a5a01f-3053-4309-8646-d4df50c52dc3	4fb357e0-b74a-4ca6-acb5-80db6cc19bdb	97f0989f-7eca-42ee-b47e-78224a09901f	2026-04-16 10:25:49.587648
481abd06-7e58-4418-80ea-bee093b165e1	3a128066-dc90-454d-83be-c6531b626766	97f0989f-7eca-42ee-b47e-78224a09901f	2026-04-16 10:27:06.817359
8abaa6f9-fb37-46d9-9452-fb9fb812ce4d	4fb357e0-b74a-4ca6-acb5-80db6cc19bdb	d6548f3a-ecef-4982-a31f-cc1374a9436f	2026-04-16 11:11:39.824798
\.


--
-- Data for Name: users; Type: TABLE DATA; Schema: public; Owner: metaiq_user
--

COPY public.users (id, email, name, password, "refreshToken", active, "createdAt", "updatedAt", role, "managerId", "tenantId") FROM stdin;
e22e56b9-4a59-4e92-9922-6308ee354a2e	Joao@intax.com	Joao	$2b$12$7Lt4rFo12hL0EkW7JAeB.ugbQOt04/0Yccij6LKw1j6Sx1vPaAd3K	21f28e16d6a0c32905a257d3ac8e74fe97a1960584c15f494cf44b052ad84d1b	t	2026-04-15 15:30:47.828655	2026-04-16 11:36:06.060406	MANAGER	94ef9341-0cb3-4dbd-ab60-2b94af071304	94ef9341-0cb3-4dbd-ab60-2b94af071304
3a128066-dc90-454d-83be-c6531b626766	prataeart@gmail.com	Prata e Art	$2b$12$roTmrbE4T4cacCHjF.qbwONliejd1IwafRsQ160vMhHpNqAdPSEge	361003e7a27a4e148088223a88d83996ba8065919b72b45fcf156afb1486da16	t	2026-04-16 10:26:37.710241	2026-04-16 11:36:50.803995	CLIENT	94ef9341-0cb3-4dbd-ab60-2b94af071304	94ef9341-0cb3-4dbd-ab60-2b94af071304
1bb96263-23ad-4413-bded-b36a62587465	admin@metaiq.dev	Admin MetaIQ	$2b$12$0DXadiDXN7.ZhrkqcvPUqOoce537R0HIrE5eML4jZjXmylFiTpVeC	13a098a436a61ecec7b27983c5e96bc91ac4ffd1505dd6d5aa053ae08c8cfde4	t	2026-04-15 13:46:27.815498	2026-04-16 13:51:56.090361	PLATFORM_ADMIN	\N	\N
4da6ebab-584e-4f63-8470-28b4f930b1e2	demo@metaiq.dev	Demo User	$2b$12$r0WKQYdC4QMnpCcf/Es.POpFBIBHWX0./gKCn3v1z0gPXeIk5nL1q	b8c3191b2064e82239dd982b940dfc482992d7d412bd6c1fd1515246911b335d	t	2026-04-15 13:46:28.083595	2026-04-16 15:57:08.191169	OPERATIONAL	07d88538-a6b4-4b6d-a1e4-bb66266e2061	07d88538-a6b4-4b6d-a1e4-bb66266e2061
4fb357e0-b74a-4ca6-acb5-80db6cc19bdb	maiara@intax.com	Maiara	$2b$12$tDAhY3a7Zqg46oQlAVnoPe0Eoib2AJGephH5sN/yX9pgniZSMb32G	2ff1e27a1c0c478f14728a4e6bec8fe01140118fa062a20f494fc08d3cc0f848	t	2026-04-15 15:32:01.800436	2026-04-16 16:06:22.405095	OPERATIONAL	94ef9341-0cb3-4dbd-ab60-2b94af071304	94ef9341-0cb3-4dbd-ab60-2b94af071304
88685a5b-2167-4390-bd4a-39987aa5a85a	qa-op-unlinked-1776358209@metaiq.dev	QA Operational Unlinked	$2b$12$Q4CLUIAEJXvzGKU2P9Zl8.SAh1ZohuNAtsZAidA6Q9ZVjIgPSBrVu	bea6edde82572dae820760a6aa34069ec074390b8c20ba8049c4ba372b4e6740	t	2026-04-16 13:50:09.40189	2026-04-16 13:50:10.353631	OPERATIONAL	94ef9341-0cb3-4dbd-ab60-2b94af071304	94ef9341-0cb3-4dbd-ab60-2b94af071304
7a955780-1f40-4856-b7d5-867cbe4bb3e0	gabriellauria62@gmail.com	Gabriel Henrique	$2b$12$OWxYZGza5ZCeOGfTiApjR.uPmS4JKIJWIfQK.YYU9KxCkdOG.TfRC	cb271d5b2558c1874cb76bccb628ab01642bbec660dd67583dc687adc345c351	t	2026-04-15 15:00:29.384387	2026-04-15 15:16:39.98444	MANAGER	07d88538-a6b4-4b6d-a1e4-bb66266e2061	07d88538-a6b4-4b6d-a1e4-bb66266e2061
a364563b-965f-4bd7-85f2-5ce93e7e8068	qa-manager-1776358209@metaiq.dev	QA Manager	$2b$12$It3PHN.DbW66is1UmyQw7e1hiegGGBZrUGT5636s/uJkP3gsDRdOe	70fbfcd4245002804ada253f8347065a3c9ad49838fb20854a31c9246b8c4de9	t	2026-04-16 13:50:09.708379	2026-04-16 13:50:10.638787	MANAGER	94ef9341-0cb3-4dbd-ab60-2b94af071304	94ef9341-0cb3-4dbd-ab60-2b94af071304
7a3b12a8-54dc-48c3-b87e-c9ff32753643	PapelariaOsvaldo@gmail.com	Papelaria Osvaldo	$2b$12$1zg/6R5jcGkYx33Fstos4.Ze6B4ZObGAJn5nHqTkb/LYB480hsjSW	6901257dcd28c9d6daa1562d99e872ac8578e6cc77381f468abdc36411908a6a	t	2026-04-15 15:33:49.881986	2026-04-15 15:38:42.89144	CLIENT	94ef9341-0cb3-4dbd-ab60-2b94af071304	94ef9341-0cb3-4dbd-ab60-2b94af071304
e24b831b-6a14-4ac3-bac2-001a72639d40	qa-client-1776358209@metaiq.dev	QA Client	$2b$12$6jcQ.E/NFl7BaZvhQMK/u.RBXwyR..MP0SK0Yhlq7xI9TzKaRvdQO	f4fb22fcec83749b34ca8561c5f7d4b752562838d39857e053777561048e5049	t	2026-04-16 13:50:10.048783	2026-04-16 13:50:10.930657	CLIENT	94ef9341-0cb3-4dbd-ab60-2b94af071304	94ef9341-0cb3-4dbd-ab60-2b94af071304
\.


--
-- Name: migrations_id_seq; Type: SEQUENCE SET; Schema: public; Owner: metaiq_user
--

SELECT pg_catalog.setval('public.migrations_id_seq', 16, true);


--
-- Name: migrations PK_8c82d7f526340ab734260ea46be; Type: CONSTRAINT; Schema: public; Owner: metaiq_user
--

ALTER TABLE ONLY public.migrations
    ADD CONSTRAINT "PK_8c82d7f526340ab734260ea46be" PRIMARY KEY (id);


--
-- Name: meta_campaign_creations PK_meta_campaign_creations; Type: CONSTRAINT; Schema: public; Owner: metaiq_user
--

ALTER TABLE ONLY public.meta_campaign_creations
    ADD CONSTRAINT "PK_meta_campaign_creations" PRIMARY KEY (id);


--
-- Name: oauth_states PK_oauth_states; Type: CONSTRAINT; Schema: public; Owner: metaiq_user
--

ALTER TABLE ONLY public.oauth_states
    ADD CONSTRAINT "PK_oauth_states" PRIMARY KEY (id);


--
-- Name: store_integrations PK_store_integrations; Type: CONSTRAINT; Schema: public; Owner: metaiq_user
--

ALTER TABLE ONLY public.store_integrations
    ADD CONSTRAINT "PK_store_integrations" PRIMARY KEY (id);


--
-- Name: tenants PK_tenants; Type: CONSTRAINT; Schema: public; Owner: metaiq_user
--

ALTER TABLE ONLY public.tenants
    ADD CONSTRAINT "PK_tenants" PRIMARY KEY (id);


--
-- Name: meta_campaign_creations UQ_meta_campaign_creations_store_idempotency; Type: CONSTRAINT; Schema: public; Owner: metaiq_user
--

ALTER TABLE ONLY public.meta_campaign_creations
    ADD CONSTRAINT "UQ_meta_campaign_creations_store_idempotency" UNIQUE ("storeId", "idempotencyKey");


--
-- Name: oauth_states UQ_oauth_states_provider_state; Type: CONSTRAINT; Schema: public; Owner: metaiq_user
--

ALTER TABLE ONLY public.oauth_states
    ADD CONSTRAINT "UQ_oauth_states_provider_state" UNIQUE (provider, state);


--
-- Name: store_integrations UQ_store_integrations_store_provider; Type: CONSTRAINT; Schema: public; Owner: metaiq_user
--

ALTER TABLE ONLY public.store_integrations
    ADD CONSTRAINT "UQ_store_integrations_store_provider" UNIQUE ("storeId", provider);


--
-- Name: ad_accounts ad_accounts_pkey; Type: CONSTRAINT; Schema: public; Owner: metaiq_user
--

ALTER TABLE ONLY public.ad_accounts
    ADD CONSTRAINT ad_accounts_pkey PRIMARY KEY (id);


--
-- Name: campaigns campaigns_pkey; Type: CONSTRAINT; Schema: public; Owner: metaiq_user
--

ALTER TABLE ONLY public.campaigns
    ADD CONSTRAINT campaigns_pkey PRIMARY KEY (id);


--
-- Name: insights insights_pkey; Type: CONSTRAINT; Schema: public; Owner: metaiq_user
--

ALTER TABLE ONLY public.insights
    ADD CONSTRAINT insights_pkey PRIMARY KEY (id);


--
-- Name: managers managers_pkey; Type: CONSTRAINT; Schema: public; Owner: metaiq_user
--

ALTER TABLE ONLY public.managers
    ADD CONSTRAINT managers_pkey PRIMARY KEY (id);


--
-- Name: metrics_daily metrics_daily_pkey; Type: CONSTRAINT; Schema: public; Owner: metaiq_user
--

ALTER TABLE ONLY public.metrics_daily
    ADD CONSTRAINT metrics_daily_pkey PRIMARY KEY (id);


--
-- Name: stores stores_pkey; Type: CONSTRAINT; Schema: public; Owner: metaiq_user
--

ALTER TABLE ONLY public.stores
    ADD CONSTRAINT stores_pkey PRIMARY KEY (id);


--
-- Name: user_stores user_stores_pkey; Type: CONSTRAINT; Schema: public; Owner: metaiq_user
--

ALTER TABLE ONLY public.user_stores
    ADD CONSTRAINT user_stores_pkey PRIMARY KEY (id);


--
-- Name: users users_email_key; Type: CONSTRAINT; Schema: public; Owner: metaiq_user
--

ALTER TABLE ONLY public.users
    ADD CONSTRAINT users_email_key UNIQUE (email);


--
-- Name: users users_pkey; Type: CONSTRAINT; Schema: public; Owner: metaiq_user
--

ALTER TABLE ONLY public.users
    ADD CONSTRAINT users_pkey PRIMARY KEY (id);


--
-- Name: IDX_ad_accounts_externalId; Type: INDEX; Schema: public; Owner: metaiq_user
--

CREATE INDEX "IDX_ad_accounts_externalId" ON public.ad_accounts USING btree ("externalId");


--
-- Name: IDX_ad_accounts_metaId; Type: INDEX; Schema: public; Owner: metaiq_user
--

CREATE INDEX "IDX_ad_accounts_metaId" ON public.ad_accounts USING btree ("metaId");


--
-- Name: IDX_ad_accounts_provider; Type: INDEX; Schema: public; Owner: metaiq_user
--

CREATE INDEX "IDX_ad_accounts_provider" ON public.ad_accounts USING btree (provider);


--
-- Name: IDX_ad_accounts_storeId; Type: INDEX; Schema: public; Owner: metaiq_user
--

CREATE INDEX "IDX_ad_accounts_storeId" ON public.ad_accounts USING btree ("storeId");


--
-- Name: IDX_ad_accounts_userId; Type: INDEX; Schema: public; Owner: metaiq_user
--

CREATE INDEX "IDX_ad_accounts_userId" ON public.ad_accounts USING btree ("userId");


--
-- Name: IDX_campaigns_adAccountId; Type: INDEX; Schema: public; Owner: metaiq_user
--

CREATE INDEX "IDX_campaigns_adAccountId" ON public.campaigns USING btree ("adAccountId");


--
-- Name: IDX_campaigns_externalId; Type: INDEX; Schema: public; Owner: metaiq_user
--

CREATE INDEX "IDX_campaigns_externalId" ON public.campaigns USING btree ("externalId");


--
-- Name: IDX_campaigns_metaId; Type: INDEX; Schema: public; Owner: metaiq_user
--

CREATE INDEX "IDX_campaigns_metaId" ON public.campaigns USING btree ("metaId");


--
-- Name: IDX_campaigns_storeId; Type: INDEX; Schema: public; Owner: metaiq_user
--

CREATE INDEX "IDX_campaigns_storeId" ON public.campaigns USING btree ("storeId");


--
-- Name: IDX_campaigns_userId; Type: INDEX; Schema: public; Owner: metaiq_user
--

CREATE INDEX "IDX_campaigns_userId" ON public.campaigns USING btree ("userId");


--
-- Name: IDX_insights_campaignId_resolved; Type: INDEX; Schema: public; Owner: metaiq_user
--

CREATE INDEX "IDX_insights_campaignId_resolved" ON public.insights USING btree ("campaignId", resolved);


--
-- Name: IDX_insights_detectedAt; Type: INDEX; Schema: public; Owner: metaiq_user
--

CREATE INDEX "IDX_insights_detectedAt" ON public.insights USING btree ("detectedAt");


--
-- Name: IDX_meta_campaign_creations_adAccountId; Type: INDEX; Schema: public; Owner: metaiq_user
--

CREATE INDEX "IDX_meta_campaign_creations_adAccountId" ON public.meta_campaign_creations USING btree ("adAccountId");


--
-- Name: IDX_meta_campaign_creations_metaCampaignId; Type: INDEX; Schema: public; Owner: metaiq_user
--

CREATE INDEX "IDX_meta_campaign_creations_metaCampaignId" ON public.meta_campaign_creations USING btree ("metaCampaignId");


--
-- Name: IDX_meta_campaign_creations_requesterUserId; Type: INDEX; Schema: public; Owner: metaiq_user
--

CREATE INDEX "IDX_meta_campaign_creations_requesterUserId" ON public.meta_campaign_creations USING btree ("requesterUserId");


--
-- Name: IDX_meta_campaign_creations_status; Type: INDEX; Schema: public; Owner: metaiq_user
--

CREATE INDEX "IDX_meta_campaign_creations_status" ON public.meta_campaign_creations USING btree (status);


--
-- Name: IDX_meta_campaign_creations_storeId; Type: INDEX; Schema: public; Owner: metaiq_user
--

CREATE INDEX "IDX_meta_campaign_creations_storeId" ON public.meta_campaign_creations USING btree ("storeId");


--
-- Name: IDX_metrics_daily_campaignId; Type: INDEX; Schema: public; Owner: metaiq_user
--

CREATE INDEX "IDX_metrics_daily_campaignId" ON public.metrics_daily USING btree ("campaignId");


--
-- Name: IDX_metrics_daily_date; Type: INDEX; Schema: public; Owner: metaiq_user
--

CREATE INDEX "IDX_metrics_daily_date" ON public.metrics_daily USING btree (date);


--
-- Name: IDX_oauth_states_expiresAt; Type: INDEX; Schema: public; Owner: metaiq_user
--

CREATE INDEX "IDX_oauth_states_expiresAt" ON public.oauth_states USING btree ("expiresAt");


--
-- Name: IDX_oauth_states_initiatedByUserId; Type: INDEX; Schema: public; Owner: metaiq_user
--

CREATE INDEX "IDX_oauth_states_initiatedByUserId" ON public.oauth_states USING btree ("initiatedByUserId");


--
-- Name: IDX_oauth_states_storeId; Type: INDEX; Schema: public; Owner: metaiq_user
--

CREATE INDEX "IDX_oauth_states_storeId" ON public.oauth_states USING btree ("storeId");


--
-- Name: IDX_store_integrations_provider; Type: INDEX; Schema: public; Owner: metaiq_user
--

CREATE INDEX "IDX_store_integrations_provider" ON public.store_integrations USING btree (provider);


--
-- Name: IDX_store_integrations_status; Type: INDEX; Schema: public; Owner: metaiq_user
--

CREATE INDEX "IDX_store_integrations_status" ON public.store_integrations USING btree (status);


--
-- Name: IDX_store_integrations_storeId; Type: INDEX; Schema: public; Owner: metaiq_user
--

CREATE INDEX "IDX_store_integrations_storeId" ON public.store_integrations USING btree ("storeId");


--
-- Name: IDX_stores_managerId; Type: INDEX; Schema: public; Owner: metaiq_user
--

CREATE INDEX "IDX_stores_managerId" ON public.stores USING btree ("managerId");


--
-- Name: IDX_stores_tenantId; Type: INDEX; Schema: public; Owner: metaiq_user
--

CREATE INDEX "IDX_stores_tenantId" ON public.stores USING btree ("tenantId");


--
-- Name: IDX_user_stores_storeId; Type: INDEX; Schema: public; Owner: metaiq_user
--

CREATE INDEX "IDX_user_stores_storeId" ON public.user_stores USING btree ("storeId");


--
-- Name: IDX_user_stores_userId_storeId; Type: INDEX; Schema: public; Owner: metaiq_user
--

CREATE UNIQUE INDEX "IDX_user_stores_userId_storeId" ON public.user_stores USING btree ("userId", "storeId");


--
-- Name: IDX_users_managerId; Type: INDEX; Schema: public; Owner: metaiq_user
--

CREATE INDEX "IDX_users_managerId" ON public.users USING btree ("managerId");


--
-- Name: IDX_users_tenantId; Type: INDEX; Schema: public; Owner: metaiq_user
--

CREATE INDEX "IDX_users_tenantId" ON public.users USING btree ("tenantId");


--
-- Name: UQ_ad_accounts_store_provider_externalId; Type: INDEX; Schema: public; Owner: metaiq_user
--

CREATE UNIQUE INDEX "UQ_ad_accounts_store_provider_externalId" ON public.ad_accounts USING btree ("storeId", provider, "externalId") WHERE ("externalId" IS NOT NULL);


--
-- Name: UQ_campaigns_store_externalId; Type: INDEX; Schema: public; Owner: metaiq_user
--

CREATE UNIQUE INDEX "UQ_campaigns_store_externalId" ON public.campaigns USING btree ("storeId", "externalId") WHERE ("externalId" IS NOT NULL);


--
-- Name: ad_accounts FK_ad_accounts_storeId; Type: FK CONSTRAINT; Schema: public; Owner: metaiq_user
--

ALTER TABLE ONLY public.ad_accounts
    ADD CONSTRAINT "FK_ad_accounts_storeId" FOREIGN KEY ("storeId") REFERENCES public.stores(id) ON DELETE SET NULL;


--
-- Name: campaigns FK_campaigns_createdByUserId; Type: FK CONSTRAINT; Schema: public; Owner: metaiq_user
--

ALTER TABLE ONLY public.campaigns
    ADD CONSTRAINT "FK_campaigns_createdByUserId" FOREIGN KEY ("createdByUserId") REFERENCES public.users(id) ON DELETE SET NULL;


--
-- Name: campaigns FK_campaigns_storeId; Type: FK CONSTRAINT; Schema: public; Owner: metaiq_user
--

ALTER TABLE ONLY public.campaigns
    ADD CONSTRAINT "FK_campaigns_storeId" FOREIGN KEY ("storeId") REFERENCES public.stores(id) ON DELETE SET NULL;


--
-- Name: meta_campaign_creations FK_meta_campaign_creations_ad_account; Type: FK CONSTRAINT; Schema: public; Owner: metaiq_user
--

ALTER TABLE ONLY public.meta_campaign_creations
    ADD CONSTRAINT "FK_meta_campaign_creations_ad_account" FOREIGN KEY ("adAccountId") REFERENCES public.ad_accounts(id);


--
-- Name: meta_campaign_creations FK_meta_campaign_creations_campaign; Type: FK CONSTRAINT; Schema: public; Owner: metaiq_user
--

ALTER TABLE ONLY public.meta_campaign_creations
    ADD CONSTRAINT "FK_meta_campaign_creations_campaign" FOREIGN KEY ("campaignId") REFERENCES public.campaigns(id);


--
-- Name: meta_campaign_creations FK_meta_campaign_creations_requester; Type: FK CONSTRAINT; Schema: public; Owner: metaiq_user
--

ALTER TABLE ONLY public.meta_campaign_creations
    ADD CONSTRAINT "FK_meta_campaign_creations_requester" FOREIGN KEY ("requesterUserId") REFERENCES public.users(id);


--
-- Name: meta_campaign_creations FK_meta_campaign_creations_store; Type: FK CONSTRAINT; Schema: public; Owner: metaiq_user
--

ALTER TABLE ONLY public.meta_campaign_creations
    ADD CONSTRAINT "FK_meta_campaign_creations_store" FOREIGN KEY ("storeId") REFERENCES public.stores(id) ON DELETE CASCADE;


--
-- Name: oauth_states FK_oauth_states_initiatedByUserId; Type: FK CONSTRAINT; Schema: public; Owner: metaiq_user
--

ALTER TABLE ONLY public.oauth_states
    ADD CONSTRAINT "FK_oauth_states_initiatedByUserId" FOREIGN KEY ("initiatedByUserId") REFERENCES public.users(id) ON DELETE CASCADE;


--
-- Name: oauth_states FK_oauth_states_storeId; Type: FK CONSTRAINT; Schema: public; Owner: metaiq_user
--

ALTER TABLE ONLY public.oauth_states
    ADD CONSTRAINT "FK_oauth_states_storeId" FOREIGN KEY ("storeId") REFERENCES public.stores(id) ON DELETE CASCADE;


--
-- Name: store_integrations FK_store_integrations_storeId; Type: FK CONSTRAINT; Schema: public; Owner: metaiq_user
--

ALTER TABLE ONLY public.store_integrations
    ADD CONSTRAINT "FK_store_integrations_storeId" FOREIGN KEY ("storeId") REFERENCES public.stores(id) ON DELETE CASCADE;


--
-- Name: stores FK_stores_tenantId; Type: FK CONSTRAINT; Schema: public; Owner: metaiq_user
--

ALTER TABLE ONLY public.stores
    ADD CONSTRAINT "FK_stores_tenantId" FOREIGN KEY ("tenantId") REFERENCES public.tenants(id);


--
-- Name: users FK_users_managerId; Type: FK CONSTRAINT; Schema: public; Owner: metaiq_user
--

ALTER TABLE ONLY public.users
    ADD CONSTRAINT "FK_users_managerId" FOREIGN KEY ("managerId") REFERENCES public.managers(id) ON DELETE SET NULL;


--
-- Name: users FK_users_tenantId; Type: FK CONSTRAINT; Schema: public; Owner: metaiq_user
--

ALTER TABLE ONLY public.users
    ADD CONSTRAINT "FK_users_tenantId" FOREIGN KEY ("tenantId") REFERENCES public.tenants(id);


--
-- Name: ad_accounts ad_accounts_userId_fkey; Type: FK CONSTRAINT; Schema: public; Owner: metaiq_user
--

ALTER TABLE ONLY public.ad_accounts
    ADD CONSTRAINT "ad_accounts_userId_fkey" FOREIGN KEY ("userId") REFERENCES public.users(id);


--
-- Name: campaigns campaigns_adAccountId_fkey; Type: FK CONSTRAINT; Schema: public; Owner: metaiq_user
--

ALTER TABLE ONLY public.campaigns
    ADD CONSTRAINT "campaigns_adAccountId_fkey" FOREIGN KEY ("adAccountId") REFERENCES public.ad_accounts(id);


--
-- Name: campaigns campaigns_userId_fkey; Type: FK CONSTRAINT; Schema: public; Owner: metaiq_user
--

ALTER TABLE ONLY public.campaigns
    ADD CONSTRAINT "campaigns_userId_fkey" FOREIGN KEY ("userId") REFERENCES public.users(id);


--
-- Name: insights insights_campaignId_fkey; Type: FK CONSTRAINT; Schema: public; Owner: metaiq_user
--

ALTER TABLE ONLY public.insights
    ADD CONSTRAINT "insights_campaignId_fkey" FOREIGN KEY ("campaignId") REFERENCES public.campaigns(id) ON DELETE CASCADE;


--
-- Name: metrics_daily metrics_daily_campaignId_fkey; Type: FK CONSTRAINT; Schema: public; Owner: metaiq_user
--

ALTER TABLE ONLY public.metrics_daily
    ADD CONSTRAINT "metrics_daily_campaignId_fkey" FOREIGN KEY ("campaignId") REFERENCES public.campaigns(id);


--
-- Name: stores stores_managerId_fkey; Type: FK CONSTRAINT; Schema: public; Owner: metaiq_user
--

ALTER TABLE ONLY public.stores
    ADD CONSTRAINT "stores_managerId_fkey" FOREIGN KEY ("managerId") REFERENCES public.managers(id);


--
-- Name: user_stores user_stores_storeId_fkey; Type: FK CONSTRAINT; Schema: public; Owner: metaiq_user
--

ALTER TABLE ONLY public.user_stores
    ADD CONSTRAINT "user_stores_storeId_fkey" FOREIGN KEY ("storeId") REFERENCES public.stores(id) ON DELETE CASCADE;


--
-- Name: user_stores user_stores_userId_fkey; Type: FK CONSTRAINT; Schema: public; Owner: metaiq_user
--

ALTER TABLE ONLY public.user_stores
    ADD CONSTRAINT "user_stores_userId_fkey" FOREIGN KEY ("userId") REFERENCES public.users(id) ON DELETE CASCADE;


--
-- Name: SCHEMA public; Type: ACL; Schema: -; Owner: pg_database_owner
--

GRANT ALL ON SCHEMA public TO metaiq_user;


--
-- Name: DEFAULT PRIVILEGES FOR SEQUENCES; Type: DEFAULT ACL; Schema: public; Owner: postgres
--

ALTER DEFAULT PRIVILEGES FOR ROLE postgres IN SCHEMA public GRANT ALL ON SEQUENCES TO metaiq_user;


--
-- Name: DEFAULT PRIVILEGES FOR TABLES; Type: DEFAULT ACL; Schema: public; Owner: postgres
--

ALTER DEFAULT PRIVILEGES FOR ROLE postgres IN SCHEMA public GRANT ALL ON TABLES TO metaiq_user;


--
-- PostgreSQL database dump complete
--

\unrestrict z6RIbY5HBdd4mv0y4ZfUGldQuD16AFdXT1Cz6wLxZqMilDUjP1l2oV0X8jkVeSS

